product_id,gender,category,article_type,base_colour,occasion,available_sizes,pattern,sleeve_type,neck_type,material,style,description,price,image_path
P001,Women,Topwear,Dress,Black,Party,S/M/L/XL/XXXXL,Polka dot,Sheer puff sleeves,Sweetheart neck,Polyester/Spandex,Bodycon midi,Black bodycon midi dress with sheer polka dot puff sleeves and sweetheart neckline,4000,Images/P001.png
P002,Women,Topwear,Dress,Rose Gold,Party,S/M/L/XL,Sequin,Halter,Strapless,Sequin mesh,Fitted two-piece,Sequin halter crop top and mini skirt co-ord set in rose gold,5700,Images/P002.png
P003,Women,Topwear,Dress,Cream,Party,S/M/L/XL,Solid,Long sheer sleeves,Spaghetti strap,Chiffon,Bodycon mini,Cream ruched bodycon mini dress with sheer long sleeves and tie front detail,4160,Images/P003.png
P004,Women,Topwear,Dress,Blue,Casual,S/M/L/XL/XXL,Floral,Long puff sleeves,Square neck,Rayon,Floral midi,Blue floral print midi dress with square neck and long puff sleeves,4370,Images/P004.png
P005,Women,Topwear,Dress,White,Party,S/M/L/XL/XXL,Solid,Off-shoulder,Sweetheart neck,Polyester/Spandex,Bodycon mini,White off-shoulder bodycon mini dress,4740,Images/P005.png
P006,Women,Topwear,Dress,Navy Blue,Party,S/M/L/XL,Sequin,Spaghetti straps,V-neck,Sequin,Bodycon mini,Navy blue sequin bodycon mini dress with V-neckline,3870,Images/P006.png
P007,Women,Topwear,Dress,Pink,Party,S/M/L/XL,Solid,Long sleeves,Sweetheart neck,Polyester/Spandex,Ruched bodycon,pink ruched bodycon mini dress with long sleeves and corset-style neckline,3810,Images/P007.png
P008,Women,Topwear,Dress,Silver Grey,Party,S/M/L/XL/XXXL,Sequin,Long sleeves,V-neck,Sequin,Bodycon mini,Silver grey sequin bodycon mini dress with wrap front and long sleeves,3990,Images/P008.png
P009,Women,Topwear,Dress,Olive Green,Casual,S/M/L/XL,Solid,Off-shoulder,Strapless,Cotton/Chiffon,High-low maxi,Olive green off-shoulder high-low maxi dress with smocked bodice and tiered skirt,4400,Images/P009.png
P010,Women,Set,Kurta,Yellow,Party and Wedding,S/M/L/XL/XXXXL,Embroidered,Long sleeves,Round neck with embroidery,Georgette/Silk,Traditional embroidered,Yellow embroidered sharara set with kurta sharara pants and dupatta,5740,Images/P010.png
P011,Women,Set,Kurta,Green,Party and Wedding,S/M/L/XL,Floral,Long sleeves,Round neck,Cotton,A-line,Green floral print kurta set with churidar pants,8060,Images/P011.png
P012,Women,Set,Co-ord Set,White,Party,S/M/L/XL/XXL,Solid,Long sleeves,Off-shoulder,Polyester/Crepe,Fitted,White off-shoulder ruffle top with corset waist detail and matching pants,7810,Images/P012.png
P013,Women,Topwear,Dress,Blue,Casual,S/M/L/XL,Solid,Long bishop sleeves,V-neck wrap,Crepe,Wrap front mini,Light blue wrap front mini dress with long bishop sleeves,4720,Images/P013.png
P014,Women,Topwear,Dress,Green,Casual,S/M/L/XL,Embroidered,Short flutter sleeves,V-neck,Cotton/Chiffon,Flowy mini,Sage green embroidered mini dress with flutter sleeves,3720,Images/P014.png
P015,Women,Topwear,Dress,Teal Blue,Party,S/M/L/XL,Solid,Sleeveless,Spaghetti strap,Satin,High slit maxi,Teal blue satin backless high slit maxi dress,3820,Images/P015.png
P016,Women,Topwear,Dress,Navy Blue,Casual,S/M/L/XL,Floral,Long sleeves,Round neck,Cotton,Anarkali,Navy blue floral print anarkali dress with full sleeves,3550,Images/P016.png
P017,Women,Topwear,Dress,Peach Pink,Party,S/M/L/XL,Sequin,Sleeveless,Sweetheart neck,Tulle/Sequin,High-low gown,Peach pink sequin high-low gown with slit,4510,Images/P017.png
P018,Women,Outerwear,Cape/Shrug,Gold Multi,Party,S/M/L/XL,Sequin/Embroidered,Sleeveless,Collar neck,Sequin/Fringe,Fringe cape,Gold multicolor sequin embroidered cape with fringe detailing,3690,Images/P018.png
P019,Women,Topwear,Dress,Black,Party,S/M/L/XL/XXXL,Solid,Off-shoulder,Sweetheart neck,Satin/Taffeta,A-line midi,Black off-shoulder A-line midi dress,4340,Images/P019.png
P020,Women,Topwear,Dress,Black,Party,S/M/L/XL,Sequin,One shoulder,Asymmetric neck,Sequin,Bodycon mini with fringe,Black one-shoulder sequin bodycon mini dress with fringe hem,3970,Images/P020.png
P021,Women,Topwear,Dress,Brown,Casual,S/M/L/XL/XXXL,Solid,Long bell sleeves,V-neck with crochet trim,Rayon,Boho mini,Brown boho mini dress with crochet trim and bell sleeves,4050,Images/P021.png
P022,Women,Topwear,Dress,Gold,Party,S/M/L/XL,Sequin,One shoulder,Asymmetric neck,Sequin/Mesh,Bodycon mini,Gold one-shoulder sequin bodycon mini dress with mesh cutouts,4830,Images/P022.png
P023,Women,Topwear,Dress,Pink,Party,S/M/L/XL/XXXXL,Sequin,Spaghetti straps,Sweetheart neck,Sequin,Bodycon midi,Pink sequin bodycon midi dress with sweetheart neckline,3910,Images/P023.png
P024,Women,Topwear,Dress,Red,Party,S/M/L/XL/XXXXL,Solid,Thick straps,Square neck,Velvet,Bodycon midi with slit,Burgundy velvet bodycon midi dress with side slit,4590,Images/P024.png
P025,Women,Topwear,Blouse,Black Pink,Casual,S/M/L/XL/XXXL,Floral,Long sleeves,V-neck collar,Chiffon,Relaxed fit,Black and pink floral print button-down blouse,1790,Images/P025.png
P026,Women,Topwear,Dress,Royal Blue,Party,S/M/L/XL/XXXL,Solid,Off-shoulder,Sweetheart neck,Crepe,Pencil midi with belt,Royal blue off-shoulder pencil midi dress with belt,4990,Images/P026.png
P027,Women,Set,Kurta,Red,Party and Wedding,S/M/L/XL,Embroidered,Long sleeves,Round neck with embroidery,Cotton/Chiffon,Traditional kurta palazzo,Red embroidered kurta palazzo set with dupatta,8760,Images/P027.png
P028,Women,Topwear,Dress,Purple,Party,S/M/L/XL/XXL,Sequin,One shoulder,Asymmetric,Sequin,Wrap mini,Purple sequin one-shoulder wrap mini dress,3040,Images/P028.png
P029,Women,Topwear,Dress,Silver,Party,S/M/L/XL,Solid,Long sleeves,V-neck,Metallic/Lurex,Wrap bodycon,Silver metallic wrap dress with ruched detailing,4830,Images/P029.png
P030,Women,Topwear,Dress,Teal Blue,Casual,S/M/L/XL,Floral,Long puff sleeves,Square neck,Polyester/Cotton,Floral mini,Teal blue floral print puff sleeve mini dress,4930,Images/P030.png
P031,Women,Topwear,Dress,Pink,Party,S/M/L/XL/XXXL,Sequin,Sleeveless,Round neck,Sequin/Polyester,Bodycon midi,Pink sequin bodycon midi dress with sleeveless design,3590,Images/P031.png
P032,Women,Topwear,Dress,Navy Blue,Casual,S/M/L/XL,Floral,3/4 sleeves,V-neck,Polyester/Chiffon,Wrap midi,Navy blue floral print wrap dress with 3/4 sleeves and floral border,4310,Images/P032.png
P033,Women,Topwear,Dress,Black,Party,S/M/L/XL,Solid,One shoulder,Asymmetric neck,Crepe/Polyester,Bodycon midi with ruffle,Black one-shoulder ruched bodycon midi dress with asymmetric ruffle,3680,Images/P033.png
P034,Women,Topwear,Dress,Black,Party,S/M/L/XL,Sequin,Ruffled puff sleeves,V-neck sheer mesh,Sequin/Polyester,Bodycon midi,Black sequin bodycon midi dress with ruffled puff sleeves and sheer mesh V-neck,4380,Images/P034.png
P035,Men,Bottomwear,Shorts,Navy Blue,Casual,M/L/XL/XXL,Solid,Elastic waist,,Cotton/Twill,Chino shorts,Men navy blue chino shorts,1730,Images/P035.png
P036,Women,Topwear,Top,White,Casual,S/M/L/XL,Eyelet,Short cap sleeves,Round neck,Cotton/Lace,Eyelet crochet top,White eyelet crochet short sleeve top with scalloped hem,1660,Images/P036.png
P037,Women,Topwear,Top,Green,Casual,S/M/L/XL,Eyelet,Short cap sleeves,Round neck,Cotton/Lace,Eyelet crochet top,Green eyelet short sleeve top with crochet detailing,1790,Images/P037.png
P038,Women,Topwear,Dress,Red,Party,S/M/L/XL,Solid,Strapless,Sweetheart neck,Polyester/Crepe,Bodycon midi with mermaid hem,Red strapless bodycon midi dress with flounce mermaid hem,4590,Images/P038.png
P039,Men,Topwear,Shirt,Red Plaid,Casual,M/L/XL/XXL,Plaid/Check,Long sleeves,Button-down collar,Cotton Flannel,Plaid flannel shirt,Red and navy plaid flannel shirt with long sleeves and chest pockets,1720,Images/P039.png
P040,Women,Topwear,Dress,White,Party,S/M/L/XL/XXL,Solid,Off-shoulder,Sweetheart neck,Polyester/Spandex,Bodycon mini with ruching,White off-shoulder ruched bodycon mini dress,3540,Images/P040.png
P041,Women,Set,Co-ord Set,Pink,Formal,S/M/L/XL,Solid,Sleeveless,Lapel collar,Polyester/Wool blend,Power suit,Beige sleeveless double-breasted vest and flared trouser suit,8400,Images/P041.png
P042,Women,Topwear,Top,Black White,Formal,S/M/L/XL/XXXXL,Solid,Long sleeves,Collar neck,Polyester/Chiffon,Cropped top,Black cropped top with white contrast collar and cuffs,1620,Images/P042.png
P043,Women,Topwear,Blouse,White Black,Formal,S/M/L/XL,Solid,Long sleeves,Collar neck,Polyester,Button-down blouse,White blouse with black contrast collar and cuffs,1840,Images/P043.png
P044,Women,Topwear,Top,Navy Blue,Formal,S/M/L/XL/XXXL,Solid,Long sleeves,Collar neck,Polyester,Cropped blouse,Navy blue cropped blouse with collar,1710,Images/P044.png
P045,Women,Set,Co-ord Set,Beige Tan,Formal,S/M/L/XL,Solid,Long sleeves,Lapel collar,Polyester/Crepe,Power suit,Beige oversized blazer and flared trouser power suit,6800,Images/P045.png
P046,Women,Set,Kurta,Sage Green,Party and Wedding,S/M/L/XL,Embroidered,Long sleeves,Round neck with embroidery,Cotton/Chiffon,Kurta set with dupatta,Sage green embroidered kurta set with green and gold dupatta,6220,Images/P046.png
P047,Women,Topwear,Dress,Black White,Formal,S/M/L/XL,Houndstooth,Long sleeves,Round neck,Wool/Polyester,Shift mini,Black and white houndstooth long sleeve mini shift dress,4310,Images/P047.png
P048,Women,Topwear,Shirt,Pink Mauve,Formal,S/M/L/XL/XXXL,Floral,Long sleeves,Collar neck,Viscose/Chiffon,Floral relaxed fit,Pink mauve floral print button-down shirt,1700,Images/P048.png
P049,Women,Topwear,Dress,Green,Party,S/M/L/XL/XXXXL,Solid,Thin straps,Cowl neck,Velvet,Bodycon midi with embellishments,Green  velvet bodycon midi dress with pearl rhinestone embellishments,4910,Images/P049.png
P050,Women,Set,Co-ord Set,Cream,Formal,S/M/L/XL,Solid,Long sleeves,Turtleneck,Knit,Sweater set with coat,Cream turtleneck sweater set with matching knit coat,8860,Images/P050.png
P051,Women,Topwear,Dress,Black,Party,S/M/L/XL/XXXXL,Solid,Thin straps,V-neck scallop,Crepe/Spandex,Bodycon midi,Black bodycon midi dress with scalloped neckline,4730,Images/P051.png
P052,Women,Set,Co-ord Set,White,Party,S/M/L/XL/XXXL,Embroidered,Long sleeves,Round neck,Mesh/Lace,Embroidered set,White two-piece set with sheer embroidered mesh top and wide-leg pants,8630,Images/P052.png
P053,Women,Topwear,Dress,Red,Party,S/M/L/XL,Solid,Thin straps,Square neck,Satin,Bodycon maxi with slit,Red satin bodycon maxi dress with high slit and structured bodice,4730,Images/P053.png
P054,Women,Topwear,Kurta,Red Orange,Party and Wedding,S/M/L/XL,Geometric/Bandhani,3/4 sleeves,V-neck,Cotton,A-line print kurta,Red orange bandhani print A-line kurta with 3/4 sleeves,3800,Images/P054.png
P055,Women,Topwear,Blouse,Lavender,Casual,S/M/L/XL/XXXL,Solid,Long sleeves,Tie neck,Chiffon,Boho peasant,Lavender chiffon boho blouse with lace insert and tie neck,1690,Images/P055.png
P056,Women,Set,Saree,Black Gold,Party and Wedding,S/M/L/XL/XXXL,Floral,Blouse V-neck sleeveless,Spaghetti strap,Georgette/Silk,Saree-style lehenga,Black saree-style lehenga set with gold floral print dupatta,6410,Images/P056.png
P057,Women,Set,Co-ord Set,Black,Formal,S/M/L/XL/XXXXL,Solid,Long sleeves,Lapel collar,Polyester/Wool,Power suit,Black double-breasted blazer with gold buttons and midi skirt,8440,Images/P057.png
P058,Women,Topwear,Dress,Black White,Casual,S/M/L/XL,Gingham,3/4 sleeves,V-neck,Cotton,Gingham tiered mini,Black and white gingham check tiered mini dress,4880,Images/P058.png
P059,Women,Topwear,Blouse,Blue,Casual,S/M/L/XL,Embroidered,3/4 peasant sleeves,V-neck with tassels,Rayon/Cotton,Boho peasant,Blue boho peasant blouse with white embroidery and tassels,1780,Images/P059.png
P060,Women,Set,Kurta,Lavender,Party and Wedding,S/M/L/XL,Embroidered,3/4 sleeves,Round neck,Cotton/Chiffon,Anarkali set with dupatta,Lavender embroidered anarkali kurta set with dupatta,6980,Images/P060.png
P061,Men,Bottomwear,Shorts,White,Casual,M/L/XL/XXL,Solid,Elastic waist with drawstring,,Polyester/Quilted,Athletic shorts,White quilted athletic shorts with black drawstring,2980,Images/P061.png
P062,Women,Set,Kurtha,Purple,Wedding,S/M/L/XL,Embroidered,3/4 sleeves,Round neck,Cotton/Chiffon,Kurta with dupatta,Purple embroidered kurta set with dupatta,7730,Images/P062.png
P063,Women,Topwear,Top,Pale Yellow,Casual,S/M/L/XL/XXXL,Solid,Spaghetti straps,V-neck,Rayon/Chiffon,Peplum top,Pale yellow spaghetti strap peplum top with pom-pom trim,1790,Images/P063.png
P064,Women,Topwear,Top,Black,Casual,S/M/L/XL/XXXL,Solid,Spaghetti straps,V-neck,Rayon/Chiffon,Peplum top,Black spaghetti strap peplum top with pom-pom trim,1930,Images/P064.png
P065,Women,Bottomwear,Shorts,White,Casual,S/M/L/XL,Solid,Button/zip waist,,Denim,Ripped denim shorts,White distressed ripped denim shorts,2190,Images/P065.png
P066,Women,Topwear,Shirt,Black White,Casual,S/M/L/XL/XXL,Striped,3/4 sleeves,Collar neck,Cotton/Viscose,Striped button-down,Black and white striped button-down shirt,1630,Images/P066.png
P067,Women,Bottomwear,Shorts,White,Casual,S/M/L/XL,Solid,Button/zip waist,,Denim,Distressed fringe shorts,White heavily distressed denim shorts with fringe hem,2520,Images/P067.png
P068,Women,Set,Co-ord Set,Pink White,Party,S/M/L/XL/XXL,Solid,Spaghetti straps,V-neck,Satin/Crepe,Crop top and ruffle skirt set,Dusty pink satin cami crop top and white tiered ruffle mini skirt,6940,Images/P068.png
P069,Women,Set,Co-ord Set,Black Blue,Party,S/M/L/XL/XXL,Solid,Halter,Deep V-neck,Polyester/Crepe,Halter top and flared skirt,Black halter deep V-neck top with blue flared mini skirt,5500,Images/P069.png
P070,Women,Set,Co-ord Set,White Black,Party,S/M/L/XL,Solid,Halter,Deep V-neck,Polyester/Crepe,Pleated top and flared skirt,White halter deep V-neck pleated top with black flared mini skirt,7280,Images/P070.png
P071,Men,Bottomwear,Shorts,White,Casual,M/L/XL/XXL,Solid,Cargo pockets,,Cotton/Chino,Cargo shorts,White men cargo shorts with belt,2400,Images/P071.png
P072,Men,Bottomwear,Shorts,White,Casual,M/L/XL/XXL,Solid,Cargo pockets,,Cotton/Chino,Cargo shorts,White men cargo shorts with belt,2020,Images/P072.png
P073,Women,Topwear,Top,White Black,Casual,S/M/L/XL,Solid,3/4 raglan sleeves,Round neck,Cotton,Baseball tee,White and black raglan baseball tee with 3/4 sleeves,1620,Images/P073.png
P074,Women,Topwear,Top,Grey Blue,Casual,S/M/L/XL/XXL,Solid,3/4 raglan sleeves,Round neck,Cotton,Baseball tee,Grey and navy raglan baseball tee with 3/4 sleeves,1860,Images/P074.png
P075,Women,Topwear,Top,White Red,Casual,S/M/L/XL/XXXXL,Solid,3/4 raglan sleeves,Round neck,Cotton,Baseball tee,White and red raglan baseball tee with 3/4 sleeves,1840,Images/P075.png
P076,Women,Topwear,Top,White Yellow,Casual,S/M/L/XL,Solid,3/4 raglan sleeves,Round neck,Cotton,Baseball tee,White and yellow raglan baseball tee with 3/4 sleeves,1580,Images/P076.png
P077,Women,Topwear,Top,Red Navy,Casual,S/M/L/XL/XXL,Solid,3/4 raglan sleeves,Round neck,Cotton,Baseball tee,Red and navy raglan baseball tee with 3/4 sleeves,1580,Images/P077.png
P078,Women,Bottomwear,Shorts,White,Casual,S/M/L/XL,Solid,Button/zip waist,,Denim/Lace,Lace trim shorts,White denim shorts with lace crochet trim,2660,Images/P078.png
P079,Men,Topwear,T-Shirt,Black,Casual,M/L/XL/XXL,Solid,Rolled cap sleeves,Crew neck,Cotton,Basic crew neck tee,Men black crew neck t-shirt with rolled sleeves,1720,Images/P079.png
P080,Men,Topwear,T-Shirt,White,Casual,M/L/XL/XXL,Solid,Rolled cap sleeves,Crew neck,Cotton,Basic crew neck tee,Men white crew neck t-shirt with rolled sleeves,1990,Images/P080.png
P081,Men,Topwear,T-Shirt,Grey ,Casual,M/L/XL/XXL,Solid,Rolled cap sleeves,Crew neck,Cotton,Basic crew neck tee,Men Grey crew neck t-shirt with rolled sleeves,1990,Images/P081.png
P082,Men,Topwear,T-Shirt,Red,Casual,M/L/XL/XXL,Solid,Rolled cap sleeves,Crew neck,Cotton,Basic crew neck tee,Men Red crew neck t-shirt with rolled sleeves,1990,Images/P082.png
P083,Men,Bottomwear,Shorts,White,Casual,M/L/XL/XXL,Solid,Elastic waist with drawstring,,Polyester,Athletic shorts,White Nike athletic shorts with black drawstring and trim,1680,Images/P083.png
P084,Men,Bottomwear,Jeans,White,Casual,M/L/XL/XXL,Solid,Button/zip waist,,Denim,Distressed skinny jeans,White men ripped distressed skinny jeans,3550,Images/P084.png
P085,Women,Topwear,Top,Purple,Casual,S/M/L/XL,Ribbed,Long sleeves,Scoop neck,Ribbed cotton,Bodycon crop,Purple ribbed long sleeve crop top,1760,Images/P085.png
P086,Women,Topwear,Top,Olive Green,Casual,S/M/L/XL/XXXL,Ribbed,Long sleeves,Scoop neck,Ribbed cotton,Bodycon crop,Olive green ribbed long sleeve crop top,1540,Images/P086.png
P087,Women,Bottomwear,Trousers,White,Casual,S/M/L/XL/XXXXL,Solid,Button/zip waist,,Denim,Distressed skinny jeans,White women heavily ripped distressed skinny Trousers,4430,Images/P087.png
P088,Women,Bottomwear,Trousers,White,Casual,S/M/L/XL,Solid,Elastic waist with drawstring,,Linen,Cargo joggers,White linen cargo jogger pants with drawstring,4500,Images/P088.png
P089,Women,Bottomwear,Trousers,White,Casual,S/M/L/XL,Solid,Button/zip waist,,Denim,Flare jeans,White women flare Trousers,4710,Images/P089.png
P090,Men,Bottomwear,Trousers,White,Formal,M/L/XL/XXL,Solid,Pleated front,,Cotton/Dress fabric,Dress trousers,White men dress pants with pleat,4670,Images/P090.png
P091,Men,Bottomwear,Trousers,White,Casual,M/L/XL/XXL,Solid,Elastic waist with drawstring,,Linen,Cargo joggers,White men linen cargo pants with drawstring,5920,Images/P091.png
P092,Women,Bottomwear,Trousers,White,Formal,S/M/L/XL,Solid,Back zipper,,Polyester/Crepe,Tailored trousers,White women tailored trousers with back zipper,4120,Images/P092.png
P093,Women,Topwear,Top,Mustard Yellow,Formal,S/M/L/XL/XXXXL,Solid,Rolled short sleeves,Crew neck,Jersey/Cotton,Relaxed fit,Mustard yellow slouchy relaxed tee with rolled sleeves,1550,Images/P093.png
P094,Women,Bottomwear,Jeans,White,Formal,S/M/L/XL/XXXXL,Solid,Button/zip waist,,Denim,Straight leg jeans,White women straight leg jeans,4120,Images/P094.png
P095,Men,Topwear,Shirt,Red Blue Plaid,Casual,M/L/XL/XXL,Plaid,Long sleeves,Collar neck,Cotton/Flannel,Plaid button-down,Men red blue plaid check button-down shirt,1990,Images/P095.png
P096,Men,Bottomwear,Trousers,White,Casual,M/L/XL/XXL,Solid,Elastic waist with drawstring,,Linen,Relaxed linen pants,Men white linen drawstring pants,5420,Images/P096.png
P097,Men,Bottomwear,Trousers,White,Casual,M/L/XL/XXL,Solid,Cargo pockets,,Cotton,Cargo pants,Men white cargo pants with multiple pockets,5590,Images/P097.png
P098,Men,Bottomwear,Trousers,White,Formal,M/L/XL/XXL,Solid,Button/zip waist,,Cotton/Chino,Slim chinos,Men white slim fit chinos,5530,Images/P098.png
P099,Women,Bottomwear,Trousers,White,Casual,S/M/L/XL/XXL,Solid,Elastic waist,,Cotton/Blend,Casual cropped trousers,White women casual cropped trousers,4640,Images/P099.png
P100,Women,Topwear,Dress,White,Casual,S/M/L/XL/XXL,Solid,Spaghetti straps,V-neck,Cotton/Chiffon,Tiered maxi,White tiered maxi dress with spaghetti straps and V-neck,4000,Images/P100.png
P101,Women,Topwear,Dress,White,Wedding,S/M/L/XL,Lace,Sleeveless,Sweetheart neck,Lace,Bridal gown,White lace wedding bridal gown with sweetheart neckline,4300,Images/P101.png
P102,Women,Topwear,Dress,White,Casual,S/M/L/XL,Lace,Off-shoulder,Strapless,Chiffon/Lace,Strapless maxi,White off-shoulder strapless maxi dress with lace trim,4300,Images/P102.png
P103,Women,Topwear,Dress,White,Party,S/M/L/XL,Solid,3/4 sleeves,V-neck,Crepe/Scuba,Bodycon midi,White V-neck bodycon midi dress with 3/4 sleeves,3760,Images/P103.png
P104,Women,Topwear,Dress,White,Party,S/M/L/XL,Embroidered bodice,Strapless,Sweetheart neck,Chiffon,A-line ball gown,White strapless A-line ball gown with gold embroidered bodice,4320,Images/P104.png
P105,Women,Topwear,Dress,White,Party,S/M/L/XL/XXXXL,Solid,One shoulder,Asymmetric neck,Chiffon,Flowy one-shoulder maxi,White one-shoulder flowy maxi dress with ruffle detail,4520,Images/P105.png
P106,Women,Topwear,Dress,White,Party,S/M/L/XL/XXL,Lace,Halter,High neck,Lace/Chiffon,Halter lace maxi,White halter lace maxi dress,4120,Images/P106.png
P107,Women,Bottomwear,Trousers,Red,Casual,S/M/L/XL/XXL,Solid,Button/zip waist,,Corduroy,Bootcut flare pants,Red corduroy bootcut flare pants,4400,Images/P107.png
P108,Men,Bottomwear,Trousers,Red,Casual,M/L/XL/XXL,Solid,Button/zip waist,,Cotton/Chino,Chino pants,Men red chino pants,5470,Images/P108.png
P109,Men,Bottomwear,Trousers,Red,Casual,M/L/XL/XXL,Solid,Button/zip waist,,Cotton/Chino,Chino pants,Men red chino pants,5290,Images/P109.png
P110,Women,Bottomwear,Trousers,Red,Formal,S/M/L/XL/XXL,Solid,Pull-on/Pleated,,Polyester/Crepe,Dress trousers,Red women dress pants/trousers,4830,Images/P110.png
P111,Men,Bottomwear,Trousers,Red,Casual,S/M/L/XL/XXXXL,Solid,Elastic waist with drawstring,,Cotton/Jersey,Jogger pants,Red jogger pants with drawstring,3680,Images/P111.png
P112,Women,Bottomwear,Trousers,Red,Casual,S/M/L/XL,Solid,Button/zip waist,,Corduroy,Flare pants,Burgundy corduroy flare pants,5580,Images/P112.png
P113,Women,Bottomwear,Trousers,Red,Formal,S/M/L/XL/XXXXL,Solid,Pleated front,,Polyester/Crepe,Dress trousers,Red women tailored dress pants,4120,Images/P113.png
P114,Women,Bottomwear,Jeans,Red,Casual,S/M/L/XL/XXXXL,Solid,Button/zip waist,,Corduroy,Skinny jeans,Red women corduroy skinny jeans,4110,Images/P114.png
P115,Women,Bottomwear,Trousers,Red,Party,S/M/L/XL,Solid,Pull-on,,Faux leather,Faux leather leggings,Red women faux leather leggings/pants,4500,Images/P115.png
P116,Men,Bottomwear,Jeans,Red,Casual,M/L/XL/XXL,Solid,Button/zip waist,,Denim,Straight leg jeans,Men red straight leg jeans,5780,Images/P116.png
P117,Women,Topwear,Dress,Red,Party,S/M/L/XL,Lace bodice,Sleeveless,High neck,Lace/Chiffon,Lace and chiffon maxi,Red lace sleeveless maxi dress with chiffon skirt,4200,Images/P117.png
P118,Women,Topwear,Dress,Red,Party,S/M/L/XL/XXXL,Solid,Off-shoulder,Sweetheart neck,Polyester/Spandex,Bodycon mini with ruching,Red off-shoulder ruched bodycon mini dress,3730,Images/P118.png
P119,Women,Topwear,Dress,Red,Party,S/M/L/XL,Solid,Sleeveless,Keyhole neckline,Crepe/Jersey,Bodycon maxi with keyhole,Red sleeveless keyhole bodycon maxi dress,4340,Images/P119.png
P120,Women,Topwear,Dress,Red,Party,S/M/L/XL/XXXXL,Solid,Off-shoulder,Sweetheart neck,Crepe/Mikado,Mermaid gown,Red off-shoulder mermaid fishtail gown,4990,Images/P120.png
P121,Women,Topwear,Dress,Red,Party,S/M/L/XL/XXL,Lace,Cold shoulder,Round neck,Lace,Bodycon mini with lace,Red cold shoulder lace bodycon mini dress,4260,Images/P121.png
P122,Women,Topwear,Dress,Red,Party,S/M/L/XL,Velvet,Spaghetti straps,V-neck,Velvet,Bodycon maxi with slit,Red velvet bodycon maxi dress with V-neck and slit,4950,Images/P122.png
P123,Women,Topwear,Dress,Red,Party,S/M/L/XL,Solid,Spaghetti straps,V-neck wrap,Chiffon,Wrap front mini,Red wrap front chiffon mini dress with spaghetti straps,3840,Images/P123.png
P124,Women,Topwear,Dress,Burgundy,Party,S/M/L/XL/XXXL,Solid,Off-shoulder,Sweetheart neck,Jersey/Polyester,High-low maxi,Burgundy off-shoulder high-low maxi dress,3940,Images/P124.png
P125,Women,Topwear,Dress,Red,Party,S/M/L/XL/XXXXL,Pleated,One shoulder,Asymmetric neck,Pleated polyester,Pleated midi,Red pleated one-shoulder midi dress,3770,Images/P125.png
P126,Women,Topwear,Dress,Red,Party,S/M/L/XL,Lace bodice,Sleeveless,V-neck lace,Lace/Satin,Flare party mini,Red lace bodice V-neck flare party dress,3950,Images/P126.png
P127,Women,Bottomwear,Shorts,Black,Party,S/M/L/XL/XXL,Solid,Button/zip waist,,Faux leather,Faux leather shorts,Black faux leather shorts,1680,Images/P127.png
P128,Women,Bottomwear,Shorts,Black,Formal,S/M/L/XL/XXL,Solid,Pleated front,,Crepe/Polyester,Tailored shorts,Black high-waisted tailored shorts,2970,Images/P128.png
P129,Men,Bottomwear,Shorts,Black,Casual,M/L/XL/XXL,Solid,Button/zip waist,,Cotton/Chino,Chino shorts,Men black chino shorts,2090,Images/P129.png
P130,Women,Bottomwear,Shorts,Black,Casual,S/M/L/XL,Solid,Double-breasted buttons,,Polyester/Crepe,Sailor shorts,Black high-waisted double-breasted button shorts,2570,Images/P130.png
P131,Women,Set,Shorts,Black,Casual,S/M/L/XL/XXXL,Graphic,Short sleeves,Crew neck,Cotton/Faux leather,Tee and leather shorts set,Black graphic tee and faux leather shorts set,6910,Images/P131.png
P132,Men,Bottomwear,Shorts,Black,Casual,M/L/XL/XXL,Solid,Elastic waist with drawstring,,Polyester,Athletic shorts,Men Nike black athletic shorts,2750,Images/P132.png
P133,Women,Bottomwear,Shorts,Black,Casual,S/M/L/XL,Solid,Self-tie belt,,Lace/Lined,Lace shorts with tie,Black lace shorts with self-tie belt,2470,Images/P133.png
P134,Women,Bottomwear,Shorts,Black,Casual,S/M/L/XL/XXXL,Solid,Button/zip waist,,Denim,Ripped denim shorts,Black ripped denim shorts,1540,Images/P134.png
P135,Women,Bottomwear,Shorts,Black,Casual,S/M/L/XL,Solid,Button/zip waist,,Denim,Distressed denim shorts,Black distressed denim shorts,2750,Images/P135.png
P136,Men,Bottomwear,Trousers,Olive Green,Casual,M/L/XL/XXL,Solid,Cargo pockets,,Cotton,Cargo pants,Men olive green cargo pants,5130,Images/P136.png
P137,Men,Bottomwear,Trousers,Olive Green,Casual,M/L/XL/XXL,Solid,Elastic waist with drawstring,,Cotton/Jersey,Cargo joggers,Olive green cargo jogger pants,4780,Images/P137.png
P138,Men,Bottomwear,Trousers,Olive Green,Casual,M/L/XL/XXL,Solid,Button/zip waist,,Cotton/Chino,Chino pants,Men olive green chino pants,4580,Images/P138.png
P139,Men,Bottomwear,Trousers,Green,Casual,M/L/XL/XXL,Solid,Button/zip waist,,Cotton/Chino,Chino pants,Men green chino pants,5000,Images/P139.png
P140,Women,Topwear,Dress,Navy Blue,Wedding,S/M/L/XL,Solid,Sleeveless,V-neck,Crepe/Jersey,Flowy maxi,Navy blue V-neck sleeveless maxi dress,4700,Images/P140.png
P141,Men,Bottomwear,Shorts,Blue,Casual,M/L/XL/XXL,Solid,Elastic waist with drawstring,,Polyester,Adidas athletic shorts,Men blue Adidas athletic shorts with white stripes,1710,Images/P141.png
P142,Men,Bottomwear,Trousers,Brown,Formal,M/L/XL/XXL,Solid,Pleated front,,Polyester/Blend,Dress trousers,Men brown dress trousers,4760,Images/P142.png
P143,Women,Topwear,Dress,Royal Blue,Party,S/M/L/XL,Solid,Spaghetti straps,Cowl neck,Ruched jersey,Bodycon maxi with slit,Royal blue cowl neck ruched maxi dress with high slit,4650,Images/P143.png
P144,Men,Bottomwear,Trousers,Brown,Formal,M/L/XL/XXL,Solid,Pleated front,,Polyester/Blend,Dress trousers,Men Brown tan pleated dress trousers,5530,Images/P144.png
P145,Women,Topwear,Dress,Navy Blue,Wedding,S/M/L/XL,Solid,Spaghetti straps,Deep V-neck,Chiffon/Jersey,Flowy maxi,Navy blue deep V-neck flowy maxi dress,4050,Images/P145.png
P146,Men,Bottomwear,Shorts,Blue,Casual,M/L/XL/XXL,Solid,Elastic waist with drawstring,,Polyester,Nike athletic shorts,Men bright blue Nike athletic shorts,2640,Images/P146.png
P147,Men,Bottomwear,Shorts,Navy Blue,Casual,M/L/XL/XXL,Solid,Cargo pockets,,Cotton,Cargo shorts,Men navy blue cargo shorts,2410,Images/P147.png
P148,Men,Bottomwear,Trousers,Brown,Formal,M/L/XL/XXL,Solid,Pleated front,,Polyester/Blend,Dress trousers,Men brown dress trousers,4610,Images/P148.png
P149,Women,Bottomwear,Trousers,Brown,Formal,S/M/L/XL/XXL,Plaid,Button/zip waist,,Polyester/Blend,Plaid tailored pants,Women brown plaid check tailored pants,5460,Images/P149.png
P150,Men,Bottomwear,Trousers,Brown,Casual,M/L/XL/XXL,Solid,Button/zip waist,,Cotton/Chino,Chino pants,Men brown chino pants,5930,Images/P150.png
P151,Men,Bottomwear,Trousers,Brown,Casual,M/L/XL/XXL,Solid,Button/zip waist,,Corduroy,Corduroy pants,Men brown corduroy pants,5750,Images/P151.png
P152,Women,Topwear,Dress,Royal Blue,Party,S/M/L/XL,Beaded bodice,Cap sleeves,Sheer illusion neck,Chiffon,Evening gown,Royal blue beaded bodice evening gown,4360,Images/P152.png
P153,Women,Bottomwear,Trousers,Brown,Formal,S/M/L/XL,Solid,Button/zip waist,,Polyester/Crepe,Flare pants,Women brown flare pants,5420,Images/P153.png
P154,Women,Bottomwear,Shorts,Navy Blue,Casual,S/M/L/XL/XXL,Solid,Lace-up front,,Denim,High-waisted lace-up shorts,Dark blue lace-up high-waisted denim shorts,2030,Images/P154.png
P155,Women,Bottomwear,Trousers,Brown,Formal,S/M/L/XL,Solid,Button/zip waist,,Cotton/Blend,Utility pants,Women brown utility work pants,5210,Images/P155.png
P156,Women,Topwear,Dress,Light Blue,Party,S/M/L/XL,Beaded bodice,Halter,Keyhole neckline,Chiffon/Halter,Evening gown,Light blue beaded halter evening gown,4760,Images/P156.png
P157,Women,Bottomwear,Shorts,Blue,Casual,S/M/L/XL,Solid,Button/zip waist,,Denim,High-waisted denim shorts,High-waisted button denim shorts,2250,Images/P157.png
P158,Women,Bottomwear,Trousers,Brown,Formal,S/M/L/XL,Solid,Pleated front,,Polyester/Crepe,Wide-leg trousers,Women camel tan wide-leg trousers,4550,Images/P158.png
P159,Women,Bottomwear,Trousers,Brown,Formal,S/M/L/XL/XXXXL,Solid,Pleated front,,Polyester/Crepe,Tailored dress pants,Women brown tailored dress pants,5920,Images/P159.png
P160,Men,Bottomwear,Trousers,Brown,Casual,M/L/XL/XXL,Solid,Button/zip waist,,Cotton/Chino,Chino pants,Men camel tan chino pants,4060,Images/P160.png
P161,Men,Bottomwear,Trousers,Brown,Casual,M/L/XL/XXL,Solid,Button/zip waist,,Corduroy,Corduroy pants,Men brown corduroy pants,5820,Images/P161.png
P162,Women,Bottomwear,Shorts,Blue White,Casual,S/M/L/XL/XXXL,Striped,Button/zip waist,,Cotton/Blend,Striped shorts,Women blue and white striped shorts,2690,Images/P162.png
P163,Men,Bottomwear,Trousers,Brown,Casual,M/L/XL/XXL,Solid,Button/zip waist,,Cotton/Chino,Chino pants,Men Brown tan chino pants,4850,Images/P163.png
P164,Men,Bottomwear,Trousers,Brown,Casual,M/L/XL/XXL,Solid,Button/zip waist,,Cotton/Chino,Chino pants,Men dark brown chino pants,3840,Images/P164.png
P165,Women,Bottomwear,Shorts,Blue,Casual,S/M/L/XL/XXXXL,Solid,Button/zip waist,,Denim,Embellished denim shorts,Light blue denim shorts with pearl rhinestone pockets,2320,Images/P165.png
P166,Women,Bottomwear,Trousers,Green,Formal,S/M/L/XL,Solid,Button/zip waist,,Polyester/Blend,Smart skinny pants,Women emerald green skinny pants,4920,Images/P166.png
P167,Women,Bottomwear,Trousers,Olive Green,Casual,S/M/L/XL,Solid,Elastic waist with tie,,Chiffon/Polyester,Paperbag wide-leg pants,Olive green paperbag waist wide-leg pants,4050,Images/P167.png
P168,Men,Bottomwear,Trousers,Green,Casual,M/L/XL/XXL,Solid,Button/zip waist,,Cotton/Chino,Chino pants,Men bright green chino pants,4580,Images/P168.png
P169,Women,Bottomwear,Shorts,Blue,Casual,S/M/L/XL/XXXL,Solid,Button/zip waist,,Denim,Distressed denim shorts,Women light wash distressed denim shorts,2910,Images/P169.png
P170,Women,Bottomwear,Shorts,Blue,Casual,S/M/L/XL,Solid,Button/zip waist,,Denim,Cuffed denim shorts,Women light wash cuffed denim shorts,2240,Images/P170.png
P171,Women,Bottomwear,Shorts,Blue,Casual,S/M/L/XL,Solid,Button/zip waist,,Denim,Classic denim shorts,Women medium wash denim shorts,2180,Images/P171.png
P172,Women,Bottomwear,Shorts,Blue,Casual,S/M/L/XL/XXXL,Solid,Button/zip waist,,Denim,Ripped distressed denim shorts,Women dark wash distressed denim shorts,2940,Images/P172.png
P173,Men,Bottomwear,Shorts,Blue,Casual,M/L/XL/XXL,Solid,Elastic waist,,Cotton/Chambray,Chambray shorts,Men light blue chambray shorts,2490,Images/P173.png
P174,Men,Bottomwear,Trousers,Green,Casual,M/L/XL/XXL,Solid,Button/zip waist,,Denim/Cotton,Green straight leg pants,Men green straight leg jeans,4820,Images/P174.png
P175,Women,Bottomwear,Trousers,Green,Formal,S/M/L/XL,Solid,Button/zip waist,,Polyester/Crepe,Wide-leg dress pants,Women emerald green wide-leg pants with metallic belt,4590,Images/P175.png
P176,Men,Bottomwear,Trousers,Dark Green,Formal,M/L/XL/XXL,Solid,Button/zip waist,,Cotton/Chino,Chino pants,Men dark green chino pants,5570,Images/P176.png
P177,Men,Bottomwear,Trousers,Green,Casual,M/L/XL/XXL,Solid,Button/zip waist,,Cotton/Chino,Chino pants,Men bright green chino pants,3900,Images/P177.png
P178,Men,Bottomwear,Trousers,Dark Green,Formal,M/L/XL/XXL,Solid,Pleated front,,Polyester/Blend,Dress trousers,Men dark green dress trousers,3510,Images/P178.png
P179,Women,Bottomwear,Shorts,Blue,Casual,S/M/L/XL/XXXL,Solid,Button/zip waist,,Denim,Ripped distressed shorts,Women heavily distressed light wash denim shorts,2370,Images/P179.png
P180,Women,Bottomwear,Shorts,Light Blue,Casual,S/M/L/XL,Solid,Lace-up front,,,Lace-up shorts,Light blue high-waisted lace-up shorts,1630,Images/P180.png
P181,Men,Bottomwear,Shorts,Blue,Casual,M/L/XL/XXL,Solid,Elastic waist with drawstring,,Denim,Acid wash shorts,Men acid wash denim shorts with drawstring,1590,Images/P181.png
P182,Women,Bottomwear,Trousers,Green,Formal,S/M/L/XL/XXL,Solid,Button/zip waist,,Polyester/Blend,Flare pants,Women emerald green flare pants,4030,Images/P182.png
P183,Men,Bottomwear,Shorts,Blue,Casual,M/L/XL/XXL,Solid,Button/zip,,Cotton/Chino,Chino shorts,Men bright blue chino shorts,1910,Images/P183.png
P184,Women,Bottomwear,Shorts,Navy White,Casual,S/M/L/XL/XXXL,Striped,Elastic waist,,Polyester/Cotton,Striped shorts,Navy and white striped high-waisted shorts,2700,Images/P184.png
P185,Men,Bottomwear,Trousers,Green,Casual,M/L/XL/XXL,Solid,Button/zip waist,,Cotton/Chino,Chino pants with trim,Men green chino pants with red trim,5350,Images/P185.png
P186,Women,Bottomwear,Trousers,Green,Formal,S/M/L/XL/XXXXL,Solid,Button/zip waist,,Polyester/Blend,Cropped pants with zipper,Women green cropped pants with zipper detail,4330,Images/P186.png
P187,Men,Bottomwear,Shorts,Navy Blue,Casual,M/L/XL/XXL,Solid,Cargo pockets,,Cotton,Cargo shorts,Men dark navy cargo shorts,2780,Images/P187.png
P188,Women,Bottomwear,Jeans,Green,Casual,S/M/L/XL/XXXL,Solid,Button/zip waist,,Denim,Skinny jeans,Women green skinny jeans,4970,Images/P188.png
P189,Men,Bottomwear,Shorts,Blue,Casual,M/L/XL/XXL,Solid,Elastic waist with drawstring,,Denim,Adidas denim shorts,Men light wash Adidas denim shorts,2140,Images/P189.png
P190,Men,Bottomwear,Shorts,Blue,Casual,M/L/XL/XXL,Solid,Elastic waist with drawstring,,Polyester,Swim shorts,Men bright blue swim board shorts,2930,Images/P190.png
P191,Women,Bottomwear,Shorts,Navy Blue,Casual,S/M/L/XL/XXXL,Solid,Button detail,,Crepe/Polyester,Tailored shorts,Women navy high-waisted button shorts,2780,Images/P191.png
P192,Men,Bottomwear,Trousers,Mint Green,Casual,M/L/XL/XXL,Solid,Button/zip waist,,Cotton/Chino,Chino pants,Men mint green chino pants,5830,Images/P192.png
P193,Women,Bottomwear,Shorts,Blue,Casual,S/M/L/XL/XXXXL,Solid,Button/zip,,Denim,Embroidered denim shorts,Women dark wash denim shorts with lips embroidery,1820,Images/P193.png
P194,Men,Bottomwear,Trousers,Olive Green,Casual,M/L/XL/XXL,Solid,Cargo pockets,,Cotton,Cargo pants,Men olive green cargo pants,5530,Images/P194.png
P195,Men,Bottomwear,Trousers,Brown,Casual,M/L/XL/XXL,Solid,Cargo pockets,,Corduroy,Cargo pants,Men brown cargo pants,4390,Images/P195.png
P196,Men,Bottomwear,Trousers,Green,Casual,M/L/XL/XXL,Solid,Button/zip waist,,Cotton,Green casual pants,Men green casual pants,4270,Images/P196.png
P197,Men,Bottomwear,Trousers,Olive Green,Casual,M/L/XL/XXL,Solid,Cargo pockets,,Cotton/Nylon,Tactical cargo pants,Men olive green tactical cargo pants,5810,Images/P197.png
P198,Men,Bottomwear,Trousers,Olive Green,Casual,M/L/XL/XXL,Solid,Button/zip waist,,Cotton/Chino,Chinos,Men olive green chinos,4750,Images/P198.png
P199,Women,Topwear,Dress,Black,Casual,S/M/L/XL,Solid,Sleeveless,Square neck,Chiffon/Cotton,Flowy maxi,Black sleeveless maxi dress,4840,Images/P199.png
P200,Women,Topwear,Dress,Black,Party,S/M/L/XL,Solid,Spaghetti straps,V-neck,Jersey/Crepe,Bodycon maxi with slit,Black V-neck bodycon maxi dress with high slit,4490,Images/P200.png
P201,Women,Topwear,Dress,Black,Party,S/M/L/XL,Solid,Cap sleeves,Keyhole neckline,Scuba/Polyester,Bodycon pencil,Black keyhole bodycon pencil dress with cap sleeves,3850,Images/P201.png
P202,Women,Topwear,Dress,Black,Party,S/M/L/XL/XXL,Solid,Sleeveless,Round neck,Jersey,Bodycon maxi with cutouts,Black side cutout bodycon maxi dress with slit,3640,Images/P202.png
P203,Women,Topwear,Dress,Black,Party,S/M/L/XL,Textured,Long sleeves,Round neck,Polyester,Textured bodycon mini,Black textured long sleeve bodycon mini dress,3790,Images/P203.png
P204,Women,Topwear,Dress,Black,Party,S/M/L/XL,Solid,Off-shoulder,Sweetheart neck,Jersey/Crepe,Bodycon maxi with slit,Black off-shoulder bodycon maxi dress with high slit,4970,Images/P204.png
P205,Women,Topwear,Dress,Black,Party,S/M/L/XL,Solid,Long sleeves,Plunging neckline,Polyester/Blend,Tuxedo blazer dress,Black tuxedo blazer dress with satin lapels,4920,Images/P205.png
P206,Women,Topwear,Dress,Black,Party,S/M/L/XL,Solid,Cape sleeves,Round neck,Crepe/Scuba,Cape sleeve maxi,Black cape sleeve maxi dress,4470,Images/P206.png
P207,Women,Topwear,Dress,Black,Party,S/M/L/XL,Mesh,Long mesh sleeves,High neck,Satin/Mesh,Peplum pencil,Black mesh long sleeve peplum pencil dress,3990,Images/P207.png
P208,Women,Topwear,Dress,Black,Casual,S/M/L/XL,Solid,Sleeveless,Deep V-neck,Chiffon/Cotton,Boho maxi,Black deep V-neck flowy maxi dress with crochet trim,3690,Images/P208.png
P209,Women,Topwear,Dress,Black,Party,S/M/L/XL/XXXXL,Solid,Sleeveless,Round neck,Scuba/Polyester,Bodycon midi with ruching,Black sleeveless ruched bodycon midi dress,4940,Images/P209.png
P210,Women,Topwear,Dress,Black,Party,S/M/L/XL,Sheer,Long sheer sleeves,Mock neck,Mesh/Jersey,Bodycon midi with cutout,Black sheer long sleeve bodycon midi dress with cutout,3560,Images/P210.png
P211,Women,Topwear,Dress,Blue White,Casual,S/M/L/XL,Floral,Long puff sleeves,High neck,Cotton/Blend,Floral midi with belt,Blue and white floral print belted midi dress,4560,Images/P211.png
P212,Women,Topwear,Dress,Brown Rust,Party,S/M/L/XL,Lace,Long puff sleeves,Round neck,Lace/Chiffon,Floral lace midi,Brown rust floral lace midi dress with puff sleeves,4080,Images/P212.png
P213,Women,Topwear,Dress,Yellow,Casual,S/M/L/XL/XXXXL,Solid,Long puff sleeves,Round neck,Cotton/Blend,Crop and midi set,Yellow puff sleevedress,7390,Images/P213.png
P214,Women,Topwear,Dress,Pink Beige,Party,S/M/L/XL,Floral,3/4 sleeves,Shirt collar,Polyester/Satin,Floral shirt dress,Pink and beige floral print shirt dress with belt,4430,Images/P214.png
P215,Women,Topwear,Dress,Pink Orange,Casual,S/M/L/XL/XXXXL,Floral,Long puff sleeves,Round neck,Chiffon/Cotton,Floral print maxi,Pink orange abstract floral print maxi with cutout,3520,Images/P215.png
P216,Women,Topwear,Dress,Blue White,Party,S/M/L/XL/XXXXL,Polka dot,Long puff sleeves,V-neck wrap,Polyester,Polka dot wrap dress,Blue white polka dot print wrap dress with ruffle,3590,Images/P216.png
P217,Women,Topwear,Dress,Black White,Casual,S/M/L/XL,Floral,Long puff sleeves,V-neck,Chiffon,Floral print maxi,Black white floral print maxi dress,3660,Images/P217.png
P218,Women,Topwear,Dress,Blue Denim,Casual,S/M/L/XL,Solid,Long puff sleeves,Shirt collar,Denim,Denim shirt dress,Denim shirt dress with belt and gold buttons,4130,Images/P218.png
P219,Women,Topwear,Dress,Cream,Formal,S/M/L/XL,Swiss dot,Long bell sleeves,High neck,Swiss dot chiffon,Swiss dot midi,Cream ivory Swiss dot long sleeve midi dress,4240,Images/P219.png
P220,Women,Topwear,Dress,Navy Blue,Formal,S/M/L/XL,Solid,Long sleeves,Shirt collar with tie waist,Cotton/Blend,Navy shirt dress,Navy blue belted shirt dress,4490,Images/P220.png
P221,Women,Topwear,Dress,Navy Grey,Party,S/M/L/XL,Abstract,Long sleeves,Round neck,Polyester/Blend,Abstract print bodycon midi,Navy grey abstract print long sleeve bodycon midi,4900,Images/P221.png
P222,Women,Topwear,Dress,Light Blue,Party,S/M/L/XL,Solid,Long sleeves,Round neck,Crepe/Scuba,Bodycon midi with ruching,Light blue long sleeve ruched bodycon midi dress,4790,Images/P222.png
P223,Women,Topwear,Dress,Navy Blue,Party,S/M/L/XL,Solid,Long sleeves,Boat neck,Crepe/Scuba,Bodycon midi,Navy blue long sleeve ruched twist front bodycon midi dress,4850,Images/P223.png
P224,Women,Topwear,Dress,Brown,Casual,S/M/L/XL,Solid,Long sleeves,V-neck wrap,Knit/Waffle,Wrap midi,Brown copper wrap midi dress with side tie slit,4420,Images/P224.png
P225,Women,Topwear,Dress,Grey Blue,Formal,S/M/L/XL,Marl/Knit,3/4 sleeves,Shirt collar V-neck,Knit,Fit flare knit midi,Grey blue marl knit fit flare midi dress with collar,4890,Images/P225.png
P226,Women,Topwear,Dress,Blue White,Formal,S/M/L/XL/XXXXL,Striped,Long sleeves,Shirt collar wrap,Cotton/Poplin,Striped wrap shirt dress,Blue and white striped wrap shirt dress,3640,Images/P226.png
P227,Women,Topwear,Dress,Purple Plum,Party,S/M/L/XL,Solid,3/4 sleeves,Round neck,Scuba/Crepe,Bodycon sheath midi,Purple plum dress with black mesh and ruffle accent,4400,Images/P227.png
P228,Women,Topwear,Dress,Dark Green,Party,S/M/L/XL,Solid,Long sleeves,Sweetheart neck,Scuba/Crepe,Bodycon midi,Dark green sweetheart long sleeve bodycon midi dress,4620,Images/P228.png
P229,Women,Topwear,Dress,Red,Party,S/M/L/XL,Solid,Long puff sleeve one shoulder,One shoulder draped,Satin,A-line maxi,Red one shoulder long puff sleeve satin maxi gown,4370,Images/P229.png
P230,Men,Topwear,Sweater,Black,Casual,S/M/L/XL/XXL,Solid,Long sleeves,Hooded henley,Cotton/Blend,Hooded henley,Black long sleeve hooded henley knit top,2540,Images/P230.png
P231,Men,Topwear,Sweater,Navy Blue,Casual,S/M/L/XL,Solid,Long sleeves,Hooded henley,Cotton/Blend,Hooded henley,Navy blue long sleeve hooded henley knit top,4250,Images/P231.png
P232,Men,Topwear,Sweater,Red,Casual,S/M/L/XL,Solid,Long sleeves,Hooded henley,Cotton/Blend,Hooded henley,Red wine long sleeve hooded henley knit top,4770,Images/P232.png
P233,Men,Topwear,Sweater,Dark Green,Casual,S/M/L/XL/XXXXL,Solid,Long sleeves,Hooded henley,Cotton/Blend,Hooded henley,Dark green long sleeve hooded henley knit top,3230,Images/P233.png
P234,Women,Topwear,Dress,Dark Blue Denim,Formal,S/M/L/XL/XXXL,Solid,Long sleeves,Shirt collar,Denim,Denim shirt dress,Dark wash denim shirt dress with tie belt,4630,Images/P234.png
P235,Women,Topwear,Dress,White,Casual,S/M/L/XL,Eyelet,Long puff sleeves,Shirt collar,Cotton/Poplin,Eyelet shirt dress,White eyelet puff sleeve shirt dress,4290,Images/P235.png
P236,Women,Topwear,Dress,Hot Pink,Party,S/M/L/XL,Solid,Long sleeves,Round neck,Scuba/Crepe,Fit flare mini,Hot pink fit flare mini dress,4090,Images/P236.png
P237,Women,Topwear,Dress,Dark Red Maroon,Party,S/M/L/XL,Sparkle,3/4 sleeves,V-neck,Lurex/Knit,Sparkle mini,Dark red maroon v-neck sparkle mini dress,4530,Images/P237.png
P238,Men,Outerwear,Shirt Jacket,Grey,Casual,S/M/L/XL/XXXXL,Solid,Long sleeves,Shirt collar,Flannel/Wool blend,Shirt jacket,Grey flannel shirt jacket with chest pockets,1970,Images/P238.png
P239,Women,Topwear,Dress,Dusty Rose Pink,Party,S/M/L/XL/XXXL,Sequin/Lace,3/4 sleeves,V-neck,Chiffon/Lace,Formal gown,Dusty rose sequin lace top chiffon maxi gown,4550,Images/P239.png
P240,Women,Topwear,Dress,Navy Blue,Party,S/M/L/XL/XXXXL,Metallic foil,Long sleeves,V-neck wrap,Metallic jersey,Bodycon midi,Navy metallic foil wrap bodycon midi dress,3880,Images/P240.png
P241,Women,Topwear,Top,Red,Casual,S/M/L/XL,Solid,3/4 sleeves,Crew neck,Cotton/Blend,Relaxed tee,Red relaxed fit 3/4 sleeve top,1700,Images/P241.png
P242,Women,Topwear,Dress,Purple Silver,Party,S/M/L/XL,Ombre/Metallic,Long cold shoulder sleeves,Sweetheart/Metallic,Chiffon/Cold shoulder maxi,Purple silver ombre cold shoulder pleated maxi dress,4780,Images/P242.png,
P243,Women,Set,Two-piece Maxi,Navy Blue Ombre,Party,S/M/L/XL,Solid,3/4 sleeves,Boat neck,Jersey top with taffeta skirt,Formal two-piece maxi,Navy top with ombre blue taffeta maxi skirt,7820,Images/P243.png
P244,Women,Topwear,Dress,Light Blue,Party,S/M/L/XL,Solid,3/4 sleeves,Round neck,Crepe/Scuba,Belted sheath midi,Light blue 3/4 sleeve belted sheath dress,4560,Images/P244.png
P245,Women,Topwear,Top,White,Casual,S/M/L/XL/XXXXL,Solid,3/4 puff sleeves,Gathered round neck keyhole,Cotton/Chiffon,Blouse,White 3/4 sleeve button front top with gathered neck,1940,Images/P245.png
P246,Women,Topwear,Top,White,Formal,S/M/L/XL,Solid,Long sleeves,Shirt collar,Cotton/Poplin,Button down shirt,White button front shirt with chest pockets,1900,Images/P246.png
P247,Women,Topwear,Top,Light Blue,Formal,S/M/L/XL,Solid,Long sleeves,V-neck,Satin/Cotton,Button down blouse,Light blue button front V-neck blouse with chest pockets,1930,Images/P247.png
P248,Women,Topwear,Dress,White,Party,S/M/L/XL,Solid,Sleeveless,V-neck front,Scuba/Crepe,Fit flare mini,White sleeveless backless fit flare mini dress,4550,Images/P248.png
P249,Women,Topwear,Top,Olive Green,Casual,S/M/L/XL,Solid,Long sleeves,Scoop neck,Cotton/Jersey,Long sleeve tee,Olive long sleeve scoop neck tee,1960,Images/P249.png
P250,Men,Topwear,Top,Grey White,Casual,S/M/L/XL/XXXXL,Color block,Short sleeves,Crew neck,Cotton/Jersey,Color block tee,Grey white color block short sleeve t-shirt,1930,Images/P250.png
P251,Women,Topwear,Top,White,Casual,S/M/L/XL/XXXL,Embroidered,3/4 flutter sleeves,Scoop neck with tie,Cotton/Chiffon,Peasant blouse,White boho embroidered peasant blouse with tassels,1500,Images/P251.png
P252,Men,Bottomwear,Trousers,Navy Blue,Formal,S/M/L/XL/XXXXL,Solid,N/A,N/A,Cotton/Twill,Tailored pants,Navy blue tailored trousers,5460,Images/P252.png
P253,Women,Topwear,Dress,Blue White,Casual,S/M/L/XL,Paisley,Spaghetti straps,Scoop neck,Rayon/Viscose,Smock mini dress,Blue white paisley print cami smock mini dress,3770,Images/P253.png
P254,Women,Topwear,Top,Peach Apricot,Casual,S/M/L/XL/XXL,Macrame,3/4 sleeves,V-neck,Cotton/Blend,Boho blouse,Peach apricot boho macrame fringe V-neck top,1870,Images/P254.png
P255,Men,Bottomwear,Trousers,Dark Charcoal,Formal,S/M/L/XL/XXXXL,Solid,N/A,N/A,Cotton/Twill,Slim tailored pants,Dark charcoal tailored slim pants,4120,Images/P255.png
P256,Women,Bottomwear,Jeans,Dark Blue Denim,Casual,S/M/L/XL,Solid,N/A,N/A,Denim,Skinny jeans,Dark wash skinny jeans,5120,Images/P256.png
P257,Women,Topwear,Top,White,Casual,S/M/L/XL/XXXL,Embroidered,3/4 sleeves,Round neck with yoke,Cotton/Chiffon,Peasant blouse,White embroidered yoke peasant blouse,1800,Images/P257.png
P258,Women,Topwear,Top,Hot Pink ,Party,S/M/L/XL,Solid,Sleeveless halter,Criss-cross halter,Cotton/Jersey top with Scuba skirt,Crop top and skater skirt set,Hot pink halter crop top ,6550,Images/P258.png
P259,Women,Topwear,Top,Blue,Party,S/M/L/XL/XXXL,Solid,Sleeveless halter,Criss-cross halter,Cotton/Jersey top with Scuba skirt,Crop top and skater skirt set,Blue halter crop top,7830,Images/P259.png
P260,Women,Topwear,Dress,Silver,Party,S/M/L/XL/XXL,Glitter,Sleeveless,Scoop neck,Glitter jersey,Maxi dress,Silver glitter sleeveless maxi dress,4120,Images/P260.png
P261,Men,Bottomwear,Jeans,Navy Blue,Casual,S/M/L/XL,Solid,N/A,N/A,Denim,Jogger jeans,Navy blue jogger jeans with elastic cuff,4120,Images/P261.png
P262,Women,Topwear,Top,White,Party,S/M/L/XL,Textured,Short sleeves,Crew neck,Mesh/Scuba,Sheer crop top,White sheer textured short sleeve crop top,1720,Images/P262.png
P263,Women,Topwear,Top,Beige,Casual,S/M/L/XL/XXXXL,Crochet/Open knit,Short sleeves,Scoop neck,Cotton/Yarn,Crochet crop top,Beige crochet short sleeve crop top,1900,Images/P263.png
P264,Men,Topwear,Top,Grey Marl,Casual,S/M/L/XL,Solid,Short sleeves,V-neck henley,Cotton/Jersey,Henley tee,Grey marl henley short sleeve t-shirt with navy trim,1890,Images/P264.png
P265,Women,Topwear,Top,White,Casual,S/M/L/XL/XXXL,Solid,Short sleeves,Crew neck,Scuba/Crepe,Structured tee,White short sleeve structured top,1840,Images/P265.png
P266,Men,Bottomwear,Shorts,Grey Marl,Casual,S/M/L/XL/XXXL,Solid,N/A,N/A,French terry/Jersey,Sweat shorts,Grey marl shorts with drawstring,2260,Images/P266.png
P267,Men,Outerwear,Jacket,Black,Casual,S/M/L/XL/XXXL,Solid,Long sleeves,Hooded zip,Nylon/Polyester,Windbreaker,Black hooded windbreaker jacket with striped cuffs,3790,Images/P267.png
P268,Men,Outerwear,Jacket,Navy Blue,Casual,S/M/L/XL,Solid,Long sleeves,Hooded zip,Nylon/Polyester,Windbreaker,Navy blue hooded windbreaker jacket with striped cuffs,3700,Images/P268.png
P269,Men,Outerwear,Jacket,Red,Casual,S/M/L/XL,Solid,Long sleeves,Hooded zip,Nylon/Polyester,Windbreaker,Red hooded windbreaker jacket with striped cuffs,4110,Images/P269.png
P270,Women,Set,Two-piece,Yellow White,Party,S/M/L/XL/XXXXL,Geometric print,Sleeveless tank,Scoop neck,Polyester/Scuba,Crop top and pencil skirt set,Yellow white geometric print crop top and pencil skirt set,5770,Images/P270.png
P271,Men,Topwear,Top,Black,Casual,S/M/L/XL/XXL,Solid,Long sleeves,Mandarin collar,Cotton/Poplin,Button front shirt,Black mandarin collar button front shirt,1560,Images/P271.png
P272,Men,Topwear,Top,White,Casual,S/M/L/XL/XXXL,Solid,Long sleeves,Mandarin collar,Cotton/Poplin,Button front shirt,White mandarin collar button front shirt,1550,Images/P272.png
P273,Men,Topwear,Top,Light Blue,Formal,S/M/L/XL/XXXL,Solid,Long sleeves,Point collar,Cotton/Poplin,Dress shirt,Light blue long sleeve button front dress shirt,1600,Images/P273.png
P275,Men,Topwear,Top,Burgundy Maroon,Formal,S/M/L/XL,Solid,Long sleeves,Point collar,Cotton/Poplin,Dress shirt,Burgundy maroon long sleeve button front dress shirt,1930,Images/P275.png
P277,Men,Topwear,Top,Navy Blue,Formal,S/M/L/XL,Solid,Long sleeves,Point collar,Cotton/Poplin,Dress shirt,Navy blue long sleeve button front dress shirt,1730,Images/P277.png
P278,Men,Topwear,Top,Light Blue,Formal,S/M/L/XL,Solid,Long sleeves,Point collar,Cotton/Poplin,Dress shirt,Light blue long sleeve button front dress shirt,1840,Images/P278.png
P279,Men,Topwear,Top,Pink,Formal,S/M/L/XL,Solid,Long sleeves,Point collar,Cotton/Poplin,Dress shirt,Pink long sleeve button front dress shirt,1670,Images/P279.png
P280,Men,Bottomwear,Trousers,Grey Marl,Casual,S/M/L/XL/XXL,Solid,N/A,N/A,French terry/Jersey,Jogger pants,Grey marl jogger pants with navy cuffs,3680,Images/P280.png
P281,Men,Bottomwear,Trousers,Pink Marl,Casual,S/M/L/XL,Solid,N/A,N/A,French terry/Jersey,Jogger pants,Pink marl jogger pants with burgundy cuffs,3690,Images/P281.png
P282,Men,Bottomwear,Trousers,Blue Marl,Casual,S/M/L/XL,Solid,N/A,N/A,French terry/Jersey,Jogger pants,Blue marl jogger pants with navy cuffs,4190,Images/P282.png
P283,Women,Topwear,Top,White,Formal,S/M/L/XL,Solid,3/4 sheer flutter sleeves,Crew neck,Chiffon/Georgette,Blouse,White sheer panel 3/4 sleeve top,1790,Images/P283.png
P284,Women,Topwear,Top,Black,Casual,S/M/L/XL/XXL,Solid,3/4 sheer flutter sleeves,Crew neck,Chiffon/Georgette,Blouse,Black sheer panel 3/4 sleeve top,1630,Images/P284.png
P285,Women,Topwear,Top,Coral Red,Casual,S/M/L/XL/XXXL,Solid,3/4 sheer flutter sleeves,Crew neck,Chiffon/Georgette,Blouse,Coral red sheer panel 3/4 sleeve top,1680,Images/P285.png
P286,Men,Topwear,Top,Mint Green,Casual,S/M/L/XL/XXL,Solid,Short sleeves,Point collar,Cotton/Oxford,Button down shirt,Light mint green short sleeve button front shirt,1560,Images/P286.png
P287,Men,Topwear,Top,Blue,Casual,S/M/L/XL,Solid,Short sleeves,Point collar,Cotton/Oxford,Button down shirt,Blue short sleeve button front shirt,1970,Images/P287.png
P288,Men,Topwear,Top,Peach Apricot,Casual,S/M/L/XL/XXXL,Solid,Short sleeves,Point collar,Cotton/Oxford,Button down shirt,Peach apricot short sleeve button front shirt,1790,Images/P288.png
P289,Women,Topwear,Dress,Black,Party,S/M/L/XL/XXL,Solid,Strapless,Sweetheart neck,Scuba/Crepe,Fit flare mini,Black strapless sweetheart fit flare mini dress,4520,Images/P289.png
P290,Women,Topwear,Dress,Red,Party,S/M/L/XL,Solid,Strapless,Sweetheart neck,Scuba/Crepe,Fit flare mini,Red strapless sweetheart fit flare mini dress,4120,Images/P290.png
P291,Women,Topwear,Dress,Teal Blue,Party,S/M/L/XL/XXL,Solid,Strapless,Sweetheart neck,Scuba/Crepe,Fit flare mini,Teal blue strapless sweetheart fit flare mini dress,4540,Images/P291.png
P292,Men,Topwear,Top,Dark Grey Marl,Casual,S/M/L/XL,Marl,Short sleeves,V-neck,Cotton/Jersey,V-neck tee,Dark grey marl V-neck short sleeve t-shirt,1510,Images/P292.png
P293,Men,Topwear,Top,Grey Marl,Casual,S/M/L/XL,Marl,Short sleeves,V-neck,Cotton/Jersey,V-neck tee,Grey marl V-neck short sleeve t-shirt,1520,Images/P293.png
P294,Men,Topwear,Top,Blue Marl,Casual,S/M/L/XL/XXL,Marl,Short sleeves,V-neck,Cotton/Jersey,V-neck tee,Blue marl V-neck short sleeve t-shirt,1950,Images/P294.png
P295,Men,Topwear,Top,Coral Red Marl,Casual,S/M/L/XL/XXL,Marl,Short sleeves,V-neck,Cotton/Jersey,V-neck tee,Coral red marl V-neck short sleeve t-shirt,1680,Images/P295.png
P296,Women,Topwear,Top,Yellow,Casual,S/M/L/XL/XXXL,Solid/Lace,Short sleeves,Round neck,Cotton/Jersey,Tee with lace pocket,Yellow short sleeve t-shirt with lace pocket,1850,Images/P296.png
P297,Women,Topwear,Top,Pink,Casual,S/M/L/XL/XXL,Solid/Lace,Short sleeves,Round neck,Cotton/Jersey,Tee with lace pocket,Pink short sleeve t-shirt with lace pocket,1620,Images/P297.png
P298,Women,Topwear,Top,White Blue,Casual,S/M/L/XL,Ombre/Dip-dye,Short oversized sleeves,Crew neck,Cotton/Jersey,Oversized tee,White blue ombre dip-dye oversized t-shirt,1730,Images/P298.png
P299,Men,Topwear,Top,White,Casual,S/M/L/XL,Distressed,Short sleeves,Crew neck,Cotton/Jersey,Distressed tee,White distressed holes short sleeve t-shirt,1590,Images/P299.png
P300,Men,Topwear,Sweater,Black,Casual,S/M/L/XL,Waffle knit,Long sleeves,Half zip collar,Cotton/Waffle knit,Quarter zip sweater,Black waffle knit half zip sweater,3540,Images/P300.png
P301,Men,Topwear,Top,White,Casual,S/M/L/XL,Thermal/Waffle,Long sleeves,Henley placket,Cotton/Thermal,Long sleeve henley,White long sleeve henley thermal top,1680,Images/P301.png
P302,Men,Topwear,Top,Navy Blue,Casual,S/M/L/XL/XXXXL,Waffle knit,Long sleeves,Henley placket,Cotton/Waffle knit,Long sleeve henley,Navy blue long sleeve waffle knit henley,1710,Images/P302.png
P303,Men,Topwear,Top,Olive Green,Casual,S/M/L/XL/XXL,Waffle/Thermal,Long sleeves,Henley placket,Cotton/Waffle knit,Long sleeve henley,Olive green long sleeve henley,1710,Images/P303.png
P304,Men,Topwear,Top,Grey Marl,Casual,S/M/L/XL/XXL,Waffle/Thermal,Long sleeves,Henley placket,Cotton/Waffle knit,Long sleeve henley,Grey marl long sleeve henley,1840,Images/P304.png
P305,Men,Topwear,Top,Dark Charcoal Marl,Casual,S/M/L/XL/XXXL,Marl/Waffle,Long sleeves,Henley placket,Cotton/Waffle knit,Long sleeve henley,Dark charcoal marl long sleeve henley,1730,Images/P305.png
P306,Men,Topwear,Top,Red Marl,Casual,S/M/L/XL,Marl/Waffle,Long sleeves,Henley placket,Cotton/Waffle knit,Long sleeve henley,Red marl long sleeve henley,1700,Images/P306.png
P307,Men,Topwear,Top,Cream,Casual,S/M/L/XL/XXXXL,Thermal/Waffle,Long sleeves,Henley placket,Cotton/Thermal,Long sleeve henley,Cream long sleeve thermal henley,1680,Images/P307.png
P308,Women,Topwear,Dress,Black,Casual,S/M/L/XL/XXL,Solid,Sleeveless,Scoop neck,Scuba/Crepe,Fit flare mini,Black sleeveless fit flare mini dress,4740,Images/P308.png
P309,Women,Topwear,Dress,Yellow,Casual,S/M/L/XL/XXXL,Solid,Sleeveless,Scoop neck,Scuba/Crepe,Fit flare mini,Yellow sleeveless fit flare mini dress,4810,Images/P309.png
P310,Women,Topwear,Dress,Light Pink,Casual,S/M/L/XL,Solid,Sleeveless,Scoop neck,Scuba/Crepe,Fit flare mini,Light pink sleeveless fit flare mini dress,3720,Images/P310.png
P311,Women,Topwear,Dress,Mint Green,Casual,S/M/L/XL,Solid,Sleeveless,Scoop neck,Scuba/Crepe,Fit flare mini,Mint green sleeveless fit flare mini dress,4930,Images/P311.png
P312,Men,Topwear,Top,Black,Formal,S/M/L/XL/XXL,Solid,Long sleeves,Point collar,Cotton/Poplin,Button down shirt,Black button front shirt with chest pocket,1550,Images/P312.png
P313,Men,Topwear,Top,Red,Formal,S/M/L/XL,Solid,Long sleeves,Point collar,Cotton/Poplin,Button down shirt,Red long sleeve button front shirt with chest pocket,1980,Images/P313.png
P314,Men,Topwear,Top,Dark Green,Formal,S/M/L/XL/XXXXL,Solid,Long sleeves,Point collar,Cotton/Poplin,Button down shirt,Dark green long sleeve button front shirt with chest pocket,1590,Images/P314.png
P315,Men,Topwear,Top,Navy Blue,Formal,S/M/L/XL/XXL,Solid,Long sleeves,Point collar,Cotton/Poplin,Button down shirt,Navy blue long sleeve button front shirt with chest pocket,1880,Images/P315.png
P316,Men,Topwear,Top,Grey,Formal,S/M/L/XL,Solid,Long sleeves,Point collar,Cotton/Poplin,Button down shirt,Grey long sleeve button front shirt with chest pocket,1980,Images/P316.png
P317,Men,Topwear,Top,White,Formal,S/M/L/XL/XXL,Solid,Long sleeves,Point collar,Cotton/Poplin,Button down shirt,White long sleeve button front shirt with chest pocket,1690,Images/P317.png
P318,Men,Topwear,Top,Grey Blue,Formal,S/M/L/XL/XXXXL,Solid,Long sleeves,Point collar,Cotton/Poplin,Button down shirt,Grey blue long sleeve button front shirt with chest pocket,1590,Images/P318.png
P319,Men,Topwear,Top,Olive Green,Formal,S/M/L/XL,Solid,Long sleeves,Point collar,Cotton/Poplin,Button down shirt,Olive green long sleeve button front shirt with chest pocket,1860,Images/P319.png
P320,Women,Topwear,Dress,Blue,Party,S/M/L/XL,Solid/Tulle overlay,Sleeveless,Scoop neck,Tulle/Lining,Overlay midi,Blue tulle overlay sleeveless midi dress,4080,Images/P320.png
P321,Men,Topwear,Sweater,Black White,Casual,S/M/L/XL/XXL,Novelty print,Long sleeves,Crew neck,Cotton/Jersey,Print sweatshirt,Black white robot print long sleeve sweatshirt,3180,Images/P321.png
P322,Men,Bottomwear,Trousers,White,Casual,S/M/L/XL,Solid,N/A,N/A,Cotton/Jersey,Jogger pants,White jogger pants with elastic cuff,5380,Images/P322.png
P323,Men,Bottomwear,Trousers,Beige,Casual,S/M/L/XL/XXL,Solid,N/A,N/A,Cotton/Jersey,Jogger pants,Beige jogger pants with elastic cuff,4550,Images/P323.png
P324,Men,Bottomwear,Trousers,Olive Green,Casual,S/M/L/XL/XXXXL,Solid,N/A,N/A,Cotton/Jersey,Jogger pants,Olive green jogger pants with elastic cuff,3810,Images/P324.png
P325,Men,Bottomwear,Trousers,Burgundy,Casual,S/M/L/XL,Solid,N/A,N/A,Cotton/Jersey,Jogger pants,Burgundy jogger pants with elastic cuff,4810,Images/P325.png
P326,Men,Topwear,Top,Pink,Casual,S/M/L/XL,Polka dot,Short sleeves,Point collar,Cotton/Poplin,Button down shirt,Pink short sleeve button front shirt with white polka dots,1780,Images/P326.png
P327,Men,Topwear,Top,Grey,Casual,S/M/L/XL/XXL,Polka dot,Short sleeves,Point collar,Cotton/Poplin,Button down shirt,Grey short sleeve button front shirt with white polka dots,1630,Images/P327.png
P328,Men,Topwear,Top,White,Casual,S/M/L/XL,Polka dot,Short sleeves,Point collar,Cotton/Poplin,Button down shirt,White short sleeve button front shirt with dark polka dots,1890,Images/P328.png
P329,Women,Topwear,Dress,White,Casual,S/M/L/XL,Lace/Solid,Spaghetti straps,Sweetheart/Curved neck,Lace/Chiffon,Lace bodice maxi,White lace bodice spaghetti strap maxi dress,3900,Images/P329.png
P330,Women,Topwear,Dress,Peach Apricot,Casual,S/M/L/XL/XXXL,Solid,Halter,High neck smocked,Chiffon/Crepe,Smock halter mini,Peach apricot smocked halter mini dress,3870,Images/P330.png
P331,Men,Topwear,Top,Navy Marl,Casual,S/M/L/XL,Solid,Short sleeves,Crew neck,Cotton/Jersey,Contrast pocket tee,Navy blue short sleeve pocket tee with striped trim,1550,Images/P331.png
P332,Men,Topwear,Top,Coral Red,Casual,S/M/L/XL,Solid,Short sleeves,Crew neck,Cotton/Jersey,Contrast pocket tee,Coral red short sleeve pocket tee with striped trim,1620,Images/P332.png
P333,Men,Topwear,Top,White,Casual,S/M/L/XL,Solid,Oversized half sleeve,Crew neck,Cotton/Jersey,Oversized tee,White oversized half sleeve t-shirt,1860,Images/P333.png
P336,Men,Bottomwear,Shorts,Blue Denim,Casual,S/M/L/XL,Acid wash denim,N/A,N/A,Denim,Shorts,Blue wash denim shorts,2300,Images/P336.png
P337,Men,Topwear,Top,White Blue Grey,Casual,S/M/L/XL/XXL,Palm print,Short sleeves,Point collar,Cotton/Poplin,Print shirt,White blue grey palm print short sleeve shirt,1760,Images/P337.png
P338,Men,Topwear,Top,White Navy,Casual,S/M/L/XL,Check/Plaid,Long sleeves,Point collar,Cotton/Poplin,Windowpane shirt,White navy windowpane check long sleeve shirt,1950,Images/P338.png
P339,Men,Topwear,Top,Grey Marl,Casual,S/M/L/XL/XXXL,Marl,Short sleeves,Polo collar,Cotton/Pique,Polo shirt,Grey marl polo shirt with navy contrast placket,1680,Images/P339.png
P340,Men,Bottomwear,Shorts,Black,Casual,S/M/L/XL,Solid,N/A,N/A,Cotton/Jersey,Jersey shorts,Black raw hem shorts,2890,Images/P340.png
P341,Men,Bottomwear,Shorts,Grey Marl,Casual,S/M/L/XL,Solid,N/A,N/A,Cotton/Jersey,Jersey shorts,Grey marl raw hem shorts,1810,Images/P341.png
P342,Men,Bottomwear,Shorts,Navy Blue,Casual,S/M/L/XL,Solid,N/A,N/A,Cotton/Jersey,Jersey shorts,Navy blue raw hem shorts,1540,Images/P342.png
P343,Men,Outerwear,Jacket,Dark Blue Denim,Casual,S/M/L/XL,Solid,Long sleeves,Button collar,Denim,Denim jacket,Dark wash denim jacket with plaid lining,3340,Images/P343.png
P344,Men,Topwear,Top,White,Casual,S/M/L/XL,Solid,Short sleeves,Crew neck,Cotton/Jersey,Longline tee,White longline scoop neck t-shirt,1950,Images/P344.png
P345,Men,Bottomwear,Trousers,Beige,Casual,S/M/L/XL,Solid,N/A,N/A,Cotton/Chino,Chino pants,Beige chino pants,5020,Images/P345.png
P346,Men,Bottomwear,Trousers,Light Grey,Casual,S/M/L/XL,Solid,N/A,N/A,Cotton/Chino,Chino pants,Light grey chino pants,5540,Images/P346.png
P347,Men,Bottomwear,Trousers,Coral Red,Casual,S/M/L/XL/XXXXL,Solid,N/A,N/A,Cotton/Chino,Chino pants,Coral red chino pants,4440,Images/P347.png
P348,Men,Bottomwear,Trousers,Blue,Casual,S/M/L/XL,Solid,N/A,N/A,Cotton/Chino,Chino pants,Blue tapered chino pants,4900,Images/P348.png
P349,Men,Bottomwear,Trousers,Olive Green,Casual,S/M/L/XL,Solid,N/A,N/A,Cotton/Chino,Chino pants,Olive green tapered chino pants,4650,Images/P349.png
P350,Men,Topwear,Top,Blue Marl,Casual,S/M/L/XL/XXXXL,Marl,Short sleeves,Henley placket,Cotton/Jersey,Henley tee,Blue marl short sleeve henley t-shirt,1950,Images/P350.png
P351,Women,Topwear,Top,Olive Green,Casual,S/M/L/XL,Crochet lace,Spaghetti straps,V-neck,Cotton/Jersey,Crochet lace cami,Olive green crochet lace V-neck cami top,1620,Images/P351.png
P352,Women,Topwear,Top,White,Casual,S/M/L/XL,Eyelet/Lace,Sleeveless,Lace-up front,Cotton/Chiffon,Boho cami top,White lace-up eyelet cami top,1960,Images/P352.png
P353,Men,Bottomwear,Shorts,Brown Rust,Casual,S/M/L/XL,Solid,N/A,N/A,Cotton/Chino,Chino shorts,Brown rust chino shorts,2840,Images/P353.png
P354,Men,Bottomwear,Shorts,Light Blue,Casual,S/M/L/XL,Solid,N/A,N/A,Cotton/Chino,Chino shorts,Light blue chino shorts,2200,Images/P354.png
P355,Men,Bottomwear,Shorts,Coral Pink,Casual,S/M/L/XL,Solid,N/A,N/A,Cotton/Chino,Chino shorts,Coral pink chino shorts,1960,Images/P355.png
P356,Women,Topwear,Dress,Turquoise Blue,Party,S/M/L/XL,Solid,Spaghetti straps,V-neck wrap,Chiffon/Crepe,Wrap maxi,Turquoise blue spaghetti strap wrap maxi dress,4250,Images/P356.png
P357,Women,Topwear,Dress,Brown,Casual,S/M/L/XL,Solid,Short sleeves,Scoop neck,Cotton/Scuba,Fit flare mini,Brown scoop neck belted fit flare mini dress,4200,Images/P357.png
P358,Women,Topwear,Top,Navy Blue,Casual,S/M/L/XL,Solid,Long sleeves,Crew neck,Cotton/Jersey,Crop top,Navy blue long sleeve crop top,1950,Images/P358.png
P359,Women,Topwear,Top,Grey Marl,Casual,S/M/L/XL,Marl,Long sleeves,Crew neck,Cotton/Jersey,Crop top,Grey marl long sleeve crop top,1690,Images/P359.png
P360,Women,Topwear,Dress,Red White,Casual,S/M/L/XL/XXXL,Floral print,Spaghetti straps,V-neck,Chiffon/Viscose,Boho floral maxi,Red white floral print boho maxi dress,3660,Images/P360.png
P361,Women,Topwear,Dress,Pink,Casual,S/M/L/XL,Lace,Sleeveless,Round neck,Lace,Fit flare midi,Pink lace sleeveless fit flare midi dress,3640,Images/P361.png
P362,Women,Topwear,Dress,Coral Peach,Casual,S/M/L/XL/XXXL,Lace,Sleeveless,Round neck,Lace,Fit flare midi,Coral peach lace sleeveless fit flare midi dress,4220,Images/P362.png
P363,Men,Bottomwear,Trousers,Dark Charcoal,Casual,S/M/L/XL,Solid,N/A,N/A,Cotton/Chino,Chino jogger pants,Dark charcoal chino jogger pants,3880,Images/P363.png
P364,Men,Bottomwear,Trousers,Olive Green,Casual,S/M/L/XL,Solid,N/A,N/A,Cotton/Chino,Chino jogger pants,Olive green chino jogger pants,5290,Images/P364.png
P365,Women,Bottomwear,Jeans,Light Blue Denim,Casual,S/M/L/XL,Solid,N/A,N/A,Denim,Jogger jeans,Light wash jogger jeans,4930,Images/P365.png
P366,Men,Bottomwear,Shorts,Grey Marl,Casual,S/M/L/XL/XXXXL,Solid,N/A,N/A,Cotton/Jersey,Sweat shorts,Grey marl sweat shorts with large pocket,2300,Images/P366.png
P367,Women,Topwear,Top,White,Casual,S/M/L/XL,Solid,Halter neck tie front,Sleeveless,Chiffon/Crepe,Halter blouse,White halter neck tie front blouse,1640,Images/P367.png
P368,Men,Bottomwear,Trousers,Black,Casual,S/M/L/XL,Solid,N/A,N/A,Cotton/Jersey,Jogger pants,Black jogger pants with striped cuff,3960,Images/P368.png
P369,Men,Bottomwear,Trousers,Beige,Casual,S/M/L/XL,Solid,N/A,N/A,Cotton/Chino,Chino jogger pants,Beige chino jogger pants,5190,Images/P369.png
P370,Men,Bottomwear,Trousers,Olive Green,Casual,S/M/L/XL,Solid,N/A,N/A,Cotton/Chino,Chino jogger pants,Olive green drawstring chino jogger pants,4850,Images/P370.png
P371,Men,Bottomwear,Trousers,Navy Blue,Casual,S/M/L/XL/XXL,Solid,N/A,N/A,Cotton/Chino,Chino jogger pants,Navy blue chino jogger pants,5320,Images/P371.png
P372,Women,Topwear,Top,Blush Pink,Casual,S/M/L/XL,Solid,Long sleeves,V-neck,Chiffon/Crepe,V-neck blouse,Blush pink V-neck long sleeve blouse,1510,Images/P372.png
P373,Men,Topwear,Top,Black,Casual,S/M/L/XL,Solid,Long sleeves,Point collar,Cotton/Poplin,Button down shirt,Black button front shirt with chest pocket,1670,Images/P373.png
P374,Men,Topwear,Top,Grey Blue,Casual,S/M/L/XL,Solid,Long sleeves,Point collar,Cotton/Poplin,Button down shirt,Grey blue button front shirt with chest pocket,1590,Images/P374.png
P375,Men,Bottomwear,Trousers,Black,Casual,S/M/L/XL,Solid,N/A,N/A,Cotton/Chino,Chino pants,Black tapered chino pants,4000,Images/P375.png
P376,Men,Bottomwear,Trousers,Grey,Casual,S/M/L/XL,Solid,N/A,N/A,Cotton/Chino,Chino pants,Grey tapered chino pants,5650,Images/P376.png
P377,Men,Bottomwear,Trousers,Burgundy,Casual,S/M/L/XL/XXXL,Solid,N/A,N/A,Cotton/Chino,Chino pants,Burgundy tapered chino pants,4840,Images/P377.png
P378,Men,Bottomwear,Trousers,Tan,Casual,S/M/L/XL,Solid,N/A,N/A,Cotton/Chino,Chino pants,Tan tapered chino pants,4830,Images/P378.png
P379,Men,Bottomwear,Trousers,Navy Blue,Casual,S/M/L/XL/XXXL,Solid,N/A,N/A,Cotton/Chino,Chino pants,Navy blue tapered chino pants,5110,Images/P379.png
P380,Men,Bottomwear,Trousers,Teal Green,Casual,S/M/L/XL,Solid,N/A,N/A,Cotton/Chino,Chino pants,Teal green tapered chino pants,5130,Images/P380.png
P381,Men,Outerwear,Jacket,Black,Casual,S/M/L/XL/XXXXL,Solid,Long sleeves,Stand collar,Faux leather,Biker jacket,Black faux leather biker jacket,4100,Images/P381.png
P382,Men,Topwear,Top,Navy Blue,Casual,S/M/L/XL,Novelty print,Short sleeves,Point collar,Cotton/Poplin,Print shirt,Navy blue white dandelion print short sleeve shirt,1730,Images/P382.png
P383,Men,Topwear,Top,Grey Marl Black Stripe,Casual,S/M/L/XL/XXXL,Striped,Short sleeves,Crew neck,Cotton/Jersey,Stripe tee,Grey marl black stripe short sleeve t-shirt,1750,Images/P383.png
P384,Men,Bottomwear,Trousers,Tan,Casual,S/M/L/XL/XXXL,Solid,N/A,N/A,Cotton/Chino,Cargo jogger pants,Tan cargo jogger pants,4840,Images/P384.png
P385,Men,Bottomwear,Trousers,Olive Green,Casual,S/M/L/XL,Solid,N/A,N/A,Cotton/Chino,Cargo jogger pants,Olive green cargo jogger pants,5220,Images/P385.png
P386,Women,Topwear,Top,Light Blue,Casual,S/M/L/XL/XXXL,Solid,Long sleeves,Mandarin collar,Chambray/Denim,Button front shirt,Light blue chambray button front shirt with chest pockets,1520,Images/P386.png
P387,Women,Topwear,Top,Black,Casual,S/M/L/XL,Solid,Sleeveless,Cut-out crew neck,Chiffon/Georgette,Cut-out top,Black sleeveless cut-out neckline top,1650,Images/P387.png
P388,Men,Bottomwear,Shorts,Navy White,Casual,S/M/L/XL,Polka dot,N/A,N/A,Cotton,Chino shorts,Navy white polka dot cuffed shorts,1920,Images/P388.png
P389,Men,Bottomwear,Shorts,Beige White,Casual,S/M/L/XL,Polka dot,N/A,N/A,Cotton,Chino shorts,Beige white polka dot cuffed shorts,2000,Images/P389.png
P390,Men,Bottomwear,Shorts,Olive Green White,Casual,S/M/L/XL,Polka dot,N/A,N/A,Cotton,Chino shorts,Olive green white polka dot cuffed shorts,2190,Images/P390.png
P391,Men,Bottomwear,Shorts,Black White,Casual,S/M/L/XL,Polka dot,N/A,N/A,Cotton,Chino shorts,Black white polka dot shorts,2400,Images/P391.png
P392,Men,Bottomwear,Shorts,Grey White,Casual,S/M/L/XL/XXXXL,Polka dot,N/A,N/A,Cotton,Chino shorts,Grey white polka dot shorts,2480,Images/P392.png
P393,Men,Outerwear,Vest,Black,Casual,S/M/L/XL/XXL,Solid,Sleeveless,V-neck,Polyester/Viscose,Single-breasted waistcoat,Black single-breasted waistcoat over white t-shirt,2640,Images/P393.png
P394,Women,Dresses,Dress,Yellow,Formal,S/M/L/XL,Solid,Elbow-length sleeves,Round neck,Polyester/Spandex,Bodycon pencil dress,Yellow bodycon pencil dress,4920,Images/P394.png
P395,Women,Skirt,Maxi Skirt,Off-White,Casual,"XS, S, M, L, XL",Ethnic Block Print,NA,NA,Cotton,Bohemian,Off-white cotton maxi skirt with red and maroon ethnic block print motifs and a decorative border at the hem. Features an elastic drawstring waist and a flared A-line silhouette.,2880,Images/P395.jpg
P396,Women,Ethnic Wear,Lehenga Choli Set,Mint Green,Party and Wedding,"S, M, L, XL",Embroidered,Sleeveless,Round Neck,Net and Silk,Traditional,"Mint green sleeveless lehenga choli set with intricate thread and sequin embroidery in paisley and floral motifs. Includes a flared net lehenga, embroidered blouse, and matching net dupatta with scalloped edges.",3890,Images/P396.jpg
P397,Women,Co-ord Set,Crop Top and Palazzo Set,Black,Party,"S, M, L, XL/XXXL",Solid,Sleeveless,One-Shoulder,Crepe,Contemporary,Black two-piece co-ord set featuring a one-shoulder asymmetric crop top with gold metallic grommet accents and draped wide-leg palazzo pants. Edgy modern silhouette.,3400,Images/P397.jpg
P399,Women,Ethnic Wear,Kurta with Palazzo Set,Black,Party and Wedding,"S, M, L, XL, XXL",Checkered,Three-Quarter Sleeves,Round Neck,Cotton Blend,Casual Ethnic,Black and red checkered straight-cut kurta with three-quarter sleeves paired with matching striped palazzo pants. Relaxed fit with side slits for everyday comfort.,1900,Images/P399.jpg
P400,Women,Ethnic Wear,Saree,Sage Green,Party and Wedding,Free Size,Woven Zari,Three-Quarter Sleeves,Round Neck,Cotton Blend,Traditional,"Sage green saree with rose gold zari border and buta motifs, paired with matching woven blouse.",2630,Images/P400.jpg
P401,Women,Western Wear,Jeans,Black,Casual,"XS, S, M, L, XL",Solid,Full Sleeves,Round Neck,Cotton Denim,Streetwear,Washed dark grey wide-leg jeans paired with a black long-sleeve crop top for a relaxed streetwear look.,5660,Images/P401.jpg
P402,Women,Western Wear,Jogger Jeans,Blue,Casual,"S, M, L, XL/XXXXL",Solid,Sleeveless,Round Neck,Cotton Denim,Casual,"Blue denim jogger pants with elasticated cuffs and front pockets, paired with a yellow ruffled top.",1450,Images/P402.jpg
P403,Women,Ethnic Wear,Kurta Set,White,Party and Wedding,"S, M, L, XL, XXL",Solid,Three-Quarter Sleeves,V-Neck,Rayon,Traditional,"White straight-cut kurta with embroidered three-quarter sleeves, paired with gold shimmer pants and a sheer gold dupatta.",1420,Images/P403.jpg
P404,Women,Western Wear,Shorts,White,Casual,"XS, S, M, L, XL/XXXL",Solid,NA,NA,Cotton Denim,Casual,"White mid-rise denim shorts with front pockets and button closure, paired with a yellow gingham ruffled top.",5280,Images/P404.jpg
P405,Women,Bottomwear,Jeans,Blue,Casual,"XS, S, M, L, XL/XXXL",Solid,NA,NA,Cotton Denim,Bootcut,Women's blue denim bootcut jeans with distressed knee rips and raw frayed hem. Mid-rise waist with classic five-pocket styling.,1740,Images/P405.jpg
P406,Women,Topwear,Cardigan,Blue,Casual,"S, M, L, XL",Solid,Full Sleeve,Open Front,Cotton Blend,Longline,"Women's blue longline open-front knit cardigan with two patch pockets. Relaxed fit, perfect for layering over turtlenecks or tops.",6620,Images/P406.jpg
P407,Women,Bottomwear,Jeans,Red,Casual,"S, M, L, XL",Solid,NA,NA,Rayon,Wide Leg,Women's red wide-leg palazzo pants with elasticated high waistband and pleated front. Flowy and comfortable silhouette.,2690,Images/P407.jpg
P408,Women,Ethnic,Lehenga Choli,Peach,Party and Wedding,"S, M, L, XL",Floral Embroidered,Sleeveless,Round Neck,Net,Traditional,Women's peach floral embroidered lehenga choli set with matching net dupatta. Features intricate thread and sequin work on blouse and skirt.,3370,Images/P408.jpg
P409,Women,Loungewear,Co-ord Set,Grey,Casual,"S, M, L, XL/XXL",Tie-Dye,Short Sleeve,Round Neck,Cotton,Relaxed Fit,Women's grey and white tie-dye co-ord set featuring a short-sleeve t-shirt with side drawstring and matching wide-leg pants with pockets.,800,Images/P409.jpg
P410,Women,Ethnic Wear,Kurta Set with Dupatta,White,Party and Wedding,"S, M, L, XL, XXL",Block Print,Three-Quarter Sleeves,Round Neck,Cotton,Traditional,"White cotton kurta set featuring multicolour block print motifs in pink, blue and green tones with a round neckline, buttoned placket, three-quarter sleeves, matching palazzo pants and coordinating printed dupatta.",1590,Images/P410.jpg
P411,Women,Western Wear,Jeans,Dark Green,Casual,"S, M, L, XL, XXL",Solid,Sleeveless,N/A,Cotton Denim,Casual,"Dark green high-waisted straight-fit jeans with exposed double-button fly, classic five-pocket styling and raw frayed hem. Pairs well with sneakers or boots.",3640,Images/P411.jpg
P412,Women,Western Wear,Top,White,Party,"XS, S, M, L, XL",Solid,One Long Sleeve,Asymmetric One-Shoulder,Crepe,Contemporary,White one-shoulder asymmetric top with a gathered puffed long sleeve on one side and a bare shoulder on the other. Relaxed fit with a curved hemline.,1760,Images/P412.jpg
P413,Women,Ethnic Wear,Lehenga Choli,Cream,Party and Wedding,"S, M, L, XL/XXL",Floral Embroidery,Sleeveless,Round Neck,Silk and Net,Traditional,"Cream silk lehenga skirt with intricate gold and pink floral embroidery, paired with a pink blouse and a pink net dupatta bordered with gold zari work. Ideal for weddings and festive celebrations.",4950,Images/P413.jpg
P414,Women,Ethnic Wear,Saree,Pink,Party and Wedding,Free Size,Woven Floral,N/A,N/A,Silk,Traditional,"Pink and cream silk saree with elaborate woven floral and foliage motifs in gold zari, featuring a wide ornate gold border and matching blouse piece.",1990,Images/P414.jpg
P415,Women,Ethnic,Kurta ,Black,Party and Wedding,"S, M, L, XL, XXL",Solid with Striped Dupatta,Three-Quarter,Mandarin Collar,Cotton,Traditional,"Black cotton kurta with mandarin collar and button closures, paired with a multicoloured dupatta featuring yellow, orange, and coral wavy stripes on a white base.",930,Images/P415.jpg
P416,Women,Western,Pencil Skirt,Maroon,Formal,"XS, S, M, L, XL/XXXXL",Solid,Sleeveless,N/A,Polyester Blend,Bodycon,"Maroon textured pencil skirt with a fitted silhouette, hitting just above the knee. Features a smooth waistband and stretch fabric for a flattering fit.",3860,Images/P416.jpg
P417,Women,Ethnic,Kurta,Lavender,Party and Wedding,"S, M, L, XL, XXL",Floral Print,Three-Quarter,V-Neck,Cotton,Traditional,"Lavender cotton kurta with all-over floral print, paired with matching lavender pants and a dupatta featuring red, blue, and orange stripes with a paisley border.",960,Images/P417.jpg
P418,Women,Western,Full-Zip Jacket,Black,Casual,"XS, S, M, L, XL",Solid,Full Sleeve,Mock Collar,Fleece,Athleisure,"Black fleece full-zip jacket with mock collar, silver-toned zipper with ring pull, kangaroo pockets, and Agilitica branding on the left chest.",1400,Images/P418.jpg
P419,Unisex,Western,Sweatshirt,Green,Casual,"S, M, L, XL, XXL",Color Block,Full Sleeve,Round Neck,Cotton Fleece,Streetwear,"Green, white, and magenta color-block sweatshirt with 'GROW WITH THE FLOW' text on the chest, kangaroo pocket, and ribbed cuffs and hem.",3270,Images/P419.jpg
P420,Women,Ethnic Wear,Kurta,White,Party and Wedding,"S, M, L, XL, XXL",Floral Embroidered,Three-Quarter Sleeves,Mandarin Collar with Keyhole,Cotton,Straight Fit,"A white cotton kurta featuring intricate red and black floral embroidery on the upper left shoulder area. The kurta has a mandarin collar with a front slit, three-quarter sleeves, and a relaxed straight fit. Subtle self-stripes run vertically throughout the fabric.",840,Images/P420.jpg
P421,Women,Western Wear,Puffer Jacket,Brown,Casual,"XS, S, M, L, XL",Solid,Full Sleeves,Stand Collar,Polyester,Oversized,"A long brown puffer jacket with an oversized silhouette. Features a high stand collar, full-front zip closure with snap buttons, quilted diagonal stitching pattern, and mid-thigh length. Perfect for cold weather layering.",3770,Images/P421.jpg
P422,Women,Ethnic Wear,Jeans,Brown,Casual,"S, M, L, XL",Solid,NA,NA,Art Silk,Wide Leg,"Brown shimmer palazzo pants with a wide-leg silhouette and elasticated waistband. The fabric has a subtle metallic sheen, making it ideal for festive and party occasions. Flows elegantly with a relaxed fit.",1400,Images/P422.jpg
P423,Women,Western Wear,Shirt,Black,Casual,"XS, S, M, L, XL, XXL",Plaid,Full Sleeves,Spread Collar,Cotton,Oversized,"An oversized black and white plaid flannel shirt with a classic spread collar, front button closure, and a chest pocket. The shirt has a relaxed, boyfriend-style fit and can be worn open as a layering piece or buttoned up.",1480,Images/P423.jpg
P424,Women,Ethnic Wear,Lehenga Choli Set,Blue,Party and Wedding,"S, M, L, XL/XXXXL",Embroidered,Full Sleeves,Round Neck,Silk Blend,A-Line,"A navy blue lehenga choli set with gold embellishments. The long-sleeved choli features gold grid-pattern embroidery, the flared lehenga skirt has horizontal gold stripe details, and the set includes a matching net dupatta with gold lace border.",950,Images/P424.jpg
P425,Women,Western Wear,Jacket,Blue,Casual,"XS, S, M, L, XL/XXXL",Solid,Full Sleeves,Collar,Cotton Denim,Casual,"Light blue denim jacket with buttoned front closure, collar neck, two button-flap chest pockets, and metal buttons. Cropped fit, perfect for layering over casual outfits.",4980,Images/P425.jpg
P426,Women,Western Wear,Cardigan,Brown,Casual,"S, M, L, XL/XXL",Geometric,Full Sleeves,Round,Cotton Blend,Bohemian,"Brown open-front cardigan with tribal-inspired geometric print featuring diamonds, zigzags, and arrow motifs in white and beige. Ribbed cuffs and hem in solid dark brown.",1170,Images/P426.jpg
P427,Women,Western Wear,Skirt,Black,Casual,"XS, S, M, L, XL/XXXL",Floral,NA,NA,Polyester,Casual,Black A-line mini skirt with all-over floral print in shades of blue and yellow. Features a pleated/tiered design with a flat waistband for a flared silhouette.,570,Images/P427.jpg
P428,Women,Western Wear,Top,Pink,Party,"XS, S, M, L",Solid,Sleeveless,Off-Shoulder,Crepe,Contemporary,"Coral pink off-shoulder fitted Top with dramatic ruffled neckline. Features princess seam detailing for a structured, body-hugging silhouette. Ideal for parties and cocktail events.",3100,Images/P428.jpg
P429,Women,Ethnic Wear,Kurta,Red,Party and Wedding,"S, M, L, XL, XXL",Striped,Three-Quarter Sleeves,Split Round,Cotton,Ethnic,"Red cotton kurta with multicoloured vertical stripe pattern. Features a front button placket with wooden buttons, three-quarter sleeves with rolled cuffs, and a relaxed A-line silhouette with side slits.",3740,Images/P429.jpg
P430,Women,Bottomwear,Jeans,Navy Blue,Casual,"XS, S, M, L, XL",Solid,NA,NA,Cotton Denim,Wide-Leg,"Dark indigo wide-leg jeans with contrast gold stitching, high waist, button closure, and raw frayed hem. Classic denim styling with a modern relaxed silhouette.",4870,Images/P430.jpg
P431,Women,Ethnic Wear,Saree,Teal Blue,Party and Wedding,Free Size/XXXL,Solid,NA,NA,Silk,Traditional,"Elegant teal blue silk saree with embroidered gold border trim, paired with a matching V-neck blouse with elbow-length sleeves. Luxurious drape suitable for festive and party occasions.",3560,Images/P431.jpg
P432,Women,Bottomwear,Jeans,Olive Green,Casual,"XS, S, M, L, XL/XXL",Printed,NA,NA,Cotton,Casual,"Olive green jogger pants with small black triangle print, elasticated ankle cuffs, high waist with pleated front. Relaxed fit for everyday casual wear.",2130,Images/P432.jpg
P433,Women,Bottomwear,Jeans,Light Blue,Casual,"XS, S, M, L, XL/XXXXL",Colorblocked,NA,NA,Cotton Denim,Wide-Leg,"Light wash wide-leg denim jeans with contrasting white side stripe panels, high waist, button closure. Retro-inspired relaxed fit with sporty colorblock detail.",870,Images/P433.jpg
P434,Women,Bottomwear,Trousers,Light Green,Casual,"XS, S, M, L, XL/XXL",Solid,NA,NA,Cotton Linen Blend,Wide-Leg,"Light green wide-leg trousers in a breathable cotton-linen blend, featuring front pleats, belt loops, and a button closure. Minimalist design for relaxed warm-weather styling.",2750,Images/P434.jpg
P435,Women,Clothing,Jumpsuit,Yellow,Party,"XS, S, M, L, XL/XXL",Solid,Sleeveless,High Neck,Chiffon,Flared,"A sleeveless mustard yellow jumpsuit featuring a high neck with floral embellishment, fitted bodice, and wide palazzo-style flared pants in lightweight chiffon fabric.",3420,Images/P435.jpg
P436,Women,Clothing,Shorts,Coral,Casual,"XS, S, M, L, XL",Solid,NA,NA,Cotton Blend,Regular,"Coral pink women's shorts with front pleats, belt loops, side pockets, and a relaxed fit.",1070,Images/P436.jpg
P437,Women,Clothing,Jumpsuit,Beige,Casual,"XS, S, M, L, XL/XXXXL",Animal Print,Sleeveless,Spaghetti Strap,Crepe,Flared,"A beige and black leopard print sleeveless jumpsuit with thin spaghetti straps, V-neckline, elasticated waist, side pockets, and wide-leg flared silhouette in crepe fabric.",3510,Images/P437.jpg
P438,Women,Clothing,Top,Black,Casual,"XS, S, M, L, XL",Solid,Full Sleeve,Round Neck,Cotton,Regular,"A solid black full-sleeve top with a classic round neckline, made from comfortable cotton fabric.",520,Images/P438.jpg
P439,Women,Clothing,Skirt,Orange,Casual,"XS, S, M, L, XL",Solid,NA,NA,Cotton,Flared,"A solid orange A-line maxi skirt with a gathered waistband, front pleats, and a flowing flared silhouette.",1170,Images/P439.jpg
P440,Women,Ethnic,Saree,Pink,Party and Wedding,Free Size,Floral,Elbow Length,Round Neck,Silk Blend,Traditional,Pink floral print saree with matching blouse featuring elbow-length sleeves with green trim,1240,Images/P440.jpg
P441,Women,Western,Sweatshirt,Light Pink,Casual,"S, M, L, XL",Solid,Long Sleeves,Round Neck,Cotton Blend,Casual,Light pink sweatshirt paired with blue denim jeans,1580,Images/P441.jpg
P442,Women,Western,Co-ord Set,Blue,Casual,"S, M, L, XL",Solid,Full Sleeves,Lapel Collar,Cotton,Contemporary,Blue denim-style co-ord set with zip-up top featuring white lace collar and matching shorts,4680,Images/P442.jpg
P443,Women,Ethnic,Saree,Green,Party and Wedding,Free Size,Crinkled,Sleeveless,Square Neck,Georgette,Contemporary,Green crinkled georgette saree with black embroidered sleeveless blouse,1980,Images/P443.jpg
P444,Women,Ethnic,Saree,Beige,Party and Wedding,Free Size,Floral Print,Short Sleeves,Round Neck,Silk,Traditional,"Beige silk saree with green and orange floral print, paired with green blouse",650,Images/P444.jpg
P445,Men,Bottomwear,Jeans,Blue,Casual,"S, M, L, XL, XXL",Solid,NA,NA,Denim,Regular Fit,Men's light blue washed denim jeans with orange contrast side stripe.,660,Images/P445.jpg
P446,Women,Ethnic,Kurta,White,Party and Wedding,"S, M, L, XL, XXL",Embroidered,NA,NA,Cotton,Chikankari,Women's off-white cotton dupatta featuring delicate chikankari embroidery with floral motifs.,1490,Images/P446.jpg
P447,Women,Bottomwear,Shorts,Black,Casual,"XS, S, M, L, XL",Solid,NA,NA,Cotton,Pleated High-Waist,"Women's black high-waisted shorts with front pleats, button and zip closure, side pockets.",830,Images/P447.jpg
P448,Women,Bottomwear,Shorts,Black,Casual,"S, M, L, XL",Abstract Print,NA,NA,Polyester,Drawstring Elastic Waist,Women's black and white abstract geometric printed casual shorts with elastic waistband.,1980,Images/P448.jpg
P449,Women,Ethnic,Lehenga Choli Set,Maroon,Party and Wedding,"XS, S, M, L, XL/XXXL",Printed,Short Sleeve,V-Neck,Georgette,A-Line Lehenga,Women's maroon georgette lehenga choli set with multicolored printed V-neck blouse and sheer beige dupatta.,1170,Images/P449.jpg
P450,Women,Bottomwear,Palazzo,Off-White,Casual,"S, M, L, XL",Floral Print,NA,NA,Rayon,Flared,"Off-white flared palazzo with yellow and pink leaf print, drawstring waist",2030,Images/P450.jpg
P451,Women,Outerwear,Puffer Jacket,Navy Blue,Casual,"XS, S, M, L, XL/XXL",Solid,Full Sleeve,Stand Collar,Polyester,Quilted,Navy blue quilted puffer jacket with stand collar and zip front.,1530,Images/P451.jpg
P452,Women,Ethnic Wear,Kurta Set,Beige,Party and Wedding,"S, M, L, XL/XXL",Embroidered,Three-Quarter Sleeve,Mandarin Collar,Silk Blend,Straight,"Beige silk blend kurta set with embroidered yoke, matching churidar and printed dupatta",1700,Images/P452.jpg
P453,Women,Bottomwear,Skirt,Mustard Yellow,Casual,"S, M, L, XL/XXL",Solid,NA,NA,Cotton,Flared,Mustard yellow cotton palazzo with ruffled hem and comfortable waistband,1540,Images/P453.jpg
P454,Women,Western Wear,Jumpsuit,Burgundy,Casual,"XS, S, M, L, XL",Solid,Short Sleeve,V-Neck,Rayon,Wide Leg,"Burgundy rayon jumpsuit with V-neck, short sleeves, drawstring waist and wide legs",1130,Images/P454.jpg
P455,Women,Western Wear,Jacket,Black,Casual,"S, M, L, XL",Colour Block,Full Sleeve,Mandarin,Nylon,Puffer Jacket,Black puffer jacket with colour-blocked chest panel featuring white and light blue stripes with pink shoulder yoke.,1260,Images/P455.jpg
P456,Women,Ethnic Wear,Top,Red,Casual,"S, M, L, XL, XXL",Floral Print,Three-Quarter Sleeve,Round,Rayon,Boho,"Red boho kurti with gold foil floral print, round neck, bell three-quarter sleeves, paired with white embroidered skirt.",3600,Images/P456.jpg
P457,Women,Ethnic Wear,Saree,Pink,Party and Wedding,Free Size,Floral,Sleeveless,Round,Silk,Banarasi,"Pink Banarasi silk saree with intricate floral weaving, gold zari border and pallu, matching sleeveless blouse.",1600,Images/P457.jpg
P458,Women,Western Wear,Top,Beige,Casual,"M, L, XL, XXL, 3XL",Floral Print,Three-Quarter Sleeve,V-Neck,Cotton,Peplum,"Beige floral print peplum top with V-neckline, three-quarter sleeves, relaxed fit.",1770,Images/P458.jpg
P459,Women,Ethnic Wear,Kurta Set,Black,Party and Wedding,"S, M, L, XL/XXL",Solid,Three-Quarter Sleeve,Mandarin,Cotton,Straight,"Black straight-cut cotton kurta with mandarin collar and gold buttons, matching pants and pink-orange Bandhani dupatta.",2470,Images/P459.jpg
P460,Women,Bottomwear,Skirt,Pink,Casual,"XS, S, M, L, XL",Solid,NA,NA,Cotton Blend,A-Line,"Pink A-line skirt with asymmetric front panel, dual brown button detail, front pleat accents.",1250,Images/P460.jpg
P461,Women,Topwear,Sweater,Grey,Casual,"S, M, L, XL/XXXL",Solid,Full Sleeves,Off-Shoulder,Acrylic Knit,Relaxed Fit,"Light grey off-shoulder knit sweater with wide fold-over neckline, loose full sleeves, relaxed oversized silhouette.",1040,Images/P461.jpg
P462,Women,Bottomwear,Romper,Light Green,Casual,"XS, S, M, L/XXL",Floral Print,Sleeveless,Strapless,Rayon,Bohemian,"Light green strapless romper with ditsy floral print, drawstring waist with tassel ends.",1230,Images/P462.jpg
P463,Women,Western Wear,Co-ord Set,Off-White,Party,"XS, S, M, L, XL",Floral Print,Off-Shoulder Sleeves,Off-Shoulder,Chiffon,Boho Chic,Off-shoulder ruffle crop top paired with high-waisted wide-leg pants in coral and blue floral print.,2370,Images/P463.jpg
P464,Women,Ethnic Wear,Lehenga Set,Peach,Party and Wedding,"S, M, L, XL",Floral Print,Sleeveless,Halter Neck,Georgette,Indo-Western,Peach-toned halter neck crop top with matching flowy maxi skirt with rose floral print.,2490,Images/P464.jpg
P466,Women,Western Wear,Trousers,Navy Blue,Casual,"XS, S, M, L, XL",Solid with Contrast Panel,N/A,N/A,Polyester Blend,Contemporary Casual,"Navy blue cropped trousers with black side panels, elasticated waistband, front pleats.",880,Images/P466.jpg
P467,Women,Western Wear,Top,Cream,Casual,"XS, S, M, L, XL/XXL",Floral Print,Sleeveless,V-Neck,Viscose,Bohemian,"Sleeveless cream-colored top with vibrant floral print, V-neckline with embroidery and peplum hem.",930,Images/P467.jpg
P468,Women,Western Wear,Cardigan,Mustard Yellow,Casual,"S, M, L, XL, XXL",Solid,Long Sleeve,V-Neck,Cotton Blend,Preppy,"Mustard yellow V-neck cardigan with long sleeves, button-down front, decorative beaded pocket embellishments.",1360,Images/P468.jpg
P469,Women,Ethnic Wear,Saree,Yellow,Party and Wedding,Free Size/XXXL,Embroidered,Short,Round,Chiffon,Traditional,"Vibrant yellow chiffon saree with intricate lace and embroidery work, matching yellow blouse.",3120,Images/P469.jpg
P470,Women,Bottomwear,Maxi Skirt,Brown,Casual,"XS, S, M, L, XL",Solid,NA,NA,Cotton Blend,Wrap,Solid brown wrap-style maxi skirt with front slit and button closure at waist.,1480,Images/P470.jpg
P471,Women,Western Wear,Saree,Beige,Party and Wedding,Free Size/XXXL,Solid,Sleeveless,Round Neck,Chiffon,Contemporary,Beige chiffon saree paired with black sleeveless blouse with fringe detailing.,4590,Images/P471.jpg
P472,Women,Western Wear,Jacket,Pink,Casual,"XS, S, M, L, XL/XXXL",Solid,Full Sleeve,Stand Collar,Faux Suede,Biker,"Pink faux-suede biker jacket with stand collar, gold-tone front zip closure, zippered pockets.",900,Images/P472.jpg
P473,Women,Ethnic Wear,Kurti,Grey,Casual,"S, M, L, XL, XXL",Striped,Three-Quarter Sleeve,V-Notch Neck,Cotton,A-Line,Light grey cotton kurti with vertical stripes and scattered pink bird embroidery.,1370,Images/P473.jpg
P474,Women,Ethnic Wear,Kurta Set,Navy Blue,Party and Wedding,"S, M, L, XL",Solid,Three-Quarter Sleeve,Round Neck,Silk Blend,Straight,"Navy blue silk blend kurta with gold embroidery, mustard pants, green sheer embroidered dupatta.",510,Images/P474.jpg
P475,Women,Ethnic Wear,Kurta Set,Black,Party and Wedding,Free Size,Solid with Border,NA,NA,Cotton Blend,Ethnic,"Black  cotton blend dupatta with pink and peach border, tassel detailing along edges.",860,Images/P475.jpg
P476,Women,Western Wear,Jeans,Rust Brown,Casual,"XS, S, M, L, XL/XXXL",Solid,NA,NA,Polyester Blend,Contemporary,Rust brown high-waisted palazzo pants with dramatic front slits.,2950,Images/P476.jpg
P477,Women,Ethnic Wear,Kurti,Peach Pink,Casual,"S, M, L, XL, XXL",Leaf Print,Three-Quarter,Round Neck with Keyhole,Cotton,Ethnic,"Peach pink cotton kurti with all-over leaf motif prints, keyhole detail with tassel tie.",6610,Images/P477.jpg
P478,Women,Western Wear,Jeans,Dark Blue,Casual,"XS, S, M, L, XL",Solid,NA,NA,Denim,Streetwear,Dark wash distressed denim jeans with ripped knee detail and asymmetrical foldover waistband.,3740,Images/P478.jpg
P479,Women,Western Wear,Jeans,Cream,Casual,"S, M, L, XL/XXXL",Vertical Stripes,NA,NA,Linen Blend,Bohemian,Cream and beige striped linen blend palazzo pants with drawstring waistband.,780,Images/P479.jpg
P480,Women,Bottomwear,Pants,Beige,Casual,"S, M, L, XL",Solid,NA,NA,Linen,Straight Pants,"Beige linen blend pants with elasticated drawstring waistband, straight leg silhouette.",4410,Images/P480.jpg
P481,Women,Topwear,T-shirt,Black red,Casual,"XS, S, M, L, XL/XXXXL",Striped,Short,Round,Cotton,Round Neck T-shirt,"Black t-shirt with bold red and cream vertical stripes, round neck, relaxed fit.",6150,Images/P481.jpg
P482,Women,Bottomwear,Jeans,Brown,Casual,"26, 28, 30, 32/XXXL",Solid,NA,NA,Cotton Denim,Cropped Straight,"Brown coloured cropped jeans with straight leg cut, mid-rise waist.",1330,Images/P482.jpg
P483,Women,Ethnic,Saree,Black,Party and Wedding,Free Size,Solid,Sleeveless,Round,Georgette,Embellished Blouse,Elegant black georgette saree with sleeveless sequined embellished blouse.,1030,Images/P483.jpg
P484,Women,Ethnic,Kurta,Navy Blue,Party and Wedding,"S, M, L, XL, XXL",Geometric,Sleeveless,Round,Cotton,Printed Sleeveless,Navy blue cotton sleeveless kurta with geometric square print.,3440,Images/P484.jpg
P485,Women,Bottomwear,Skirt,Light Grey,Casual,"S, M, L, XL",Solid,Sleeveless,N/A,Ribbed Knit,Bodycon,Light grey high-waisted ribbed knit bodycon pencil skirt.,1130,Images/P485.jpg
P486,Women,Ethnic Wear,Lehenga Choli,Black and Red,Party and Wedding,"S, M, L, XL",Floral Embroidered,Long Sleeves,Round Neck,Georgette,Traditional,"Black blouse with multicolour floral embroidery, solid red flared lehenga skirt.",950,Images/P486.jpg
P487,Women,Ethnic Wear,Lehenga Choli,Bottle Green and Gold,Party and Wedding,"S, M, L, XL",Sequined,Short Sleeves,Round Neck,Net and Satin,Traditional,"Gold sequin-embellished blouse, bottle green flared lehenga skirt, beige net dupatta.",1080,Images/P487.jpg
P488,Women,Ethnic Wear,Kurti,Beige,Casual,"S, M, L, XL, XXL",Striped with Floral Embroidery,Three-Quarter Sleeves,Round Neck,Cotton,A-Line,"Beige and white striped A-line kurti with green floral embroidery, straight-fit beige pants.",1330,Images/P488.jpg
P489,Women,Ethnic Wear,Kurti Set,Mauve,Formal,"S, M, L, XL/XXXL",Embroidered,Three-Quarter Sleeves,V-Neck,Chiffon,Straight,"Mauve embroidered chiffon kurti set with matching straight pants, sheer dupatta.",880,Images/P489.jpg
P490,Women,Jackets & Coats,Bomber Jacket,Olive Green,Casual,"XS, S, M, L, XL",Solid,Full Sleeves,Stand Collar,Nylon,Regular Fit,"Olive green lightweight bomber jacket with full front zip, ribbed stand collar.",4860,Images/P490.jpg
P492,Women,Ethnic Wear,Kurta Set,Pink,Party and Wedding,"S, M, L, XL, XXL",Floral,Three-Quarter Sleeves,Round Neck,Cotton,Regular Fit,"Pink cotton kurta palazzo set with matching dupatta, white floral embroidery on yoke.",3490,Images/P492.jpg
P493,Women,Western Wear,Dress,Black,Party,"XS, S, M, L, XL",Printed,Full Sleeves,Tie-Neck,Polyester,A-Line,"Black mini dress with ornate baroque and paisley print, tie-neck detail with bow.",1090,Images/P493.jpg
P494,Women,Western Wear,Crop Top,Mustard Yellow,Casual,"XS, S, M, L/XXL",Paisley,Sleeveless,High Neck,Cotton,Regular Fit,"Mustard yellow cropped top with pink and purple paisley print, ruffled cap sleeves.",1700,Images/P494.jpg
P495,Women,Ethnic Wear,Kurta Palazzo Set,Cream,Party and Wedding,"S, M, L, XL, XXL",Floral,Three-Quarter Sleeves,Round Neck,Rayon,Straight Kurta,"Cream-colored rayon kurta with red floral print, multicolor striped palazzo pants, matching dupatta.",1560,Images/P495.jpg
P496,Women,Ethnic Wear,Lehenga Skirt Set,Peach,Party and Wedding,"S, M, L, XL/XXXL",Floral Embroidered,Short Sleeves,Boat Neck,Chinon,A-Line Lehenga,"Peach-colored chinon lehenga skirt with white floral embroidery, black satin crop top.",1500,Images/P496.jpg
P497,Women,Western Wear,Pants,Rust Brown,Casual,"S, M, L, XL",Solid,Sleeveless,NA,Rayon,Wrap-Around,Rust brown rayon palazzo pants with wrap-around front panel and tie-up waist detail.,5860,Images/P497.jpg
P498,Women,Ethnic Wear,Kurta,Peach,Party and Wedding,Free Size/XXXXL,Striped,NA,NA,Cotton,Handloom,Peach and white striped cotton handloom dupatta with tassel finish.,1510,Images/P498.jpg
P501,Women,Topwear,Crop Top,Black,Casual,"XS, S, M, L, XL/XXXXL",Solid,Sleeveless,Square Neck,Cotton Blend,Slim Fit,"Solid black cropped tank top with wide square neckline, body-hugging fit.",4670,Images/P501.jpg
P502,Women,Ethnic,Saree,Black,Party and Wedding,Free Size/XXL,Solid,Cap Sleeve,Sweetheart Neck,Georgette,Contemporary Drape,Black georgette saree with sequin-embellished border and ruffle trim.,1470,Images/P502.jpg
P503,Women,Bottomwear,Jumpsuit,Green,Party,"XS, S, M, L, XL/XXXL",Solid,Sleeveless,V-Neck,Satin,Wide Leg,"Emerald green satin jumpsuit with deep V-neckline, lace trim, flowing wide-leg silhouette.",660,Images/P503.jpg
P504,Women,Topwear,Cardigan,Beige,Casual,"XS, S, M, L, XL",Textured,Full Sleeve,Round Neck,Cotton Knit,Regular Fit,Lightweight beige cotton knit cardigan with cable and pointelle textured pattern.,1320,Images/P504.jpg
P505,Women,Ethnic Wear,Kurta Set with Jacket,Yellow,Party and Wedding,"S,M,L,XL",Printed,Sleeveless,Round Neck,Art Silk,Contemporary Ethnic,Yellow art silk long open-front jacket layered over grey kurta and matching trousers.,2410,Images/P505.jpg
P507,Women,Ethnic Wear,Saree,Blue,Party and Wedding,Free Size,Floral Print,Three-Quarter,High Neck,Art Silk,Traditional,Navy blue art silk saree with vibrant red floral motifs and gold zari border.,1760,Images/P507.jpg
P508,Women,Ethnic Wear,Kurta Set with Dupatta,Beige,Party and Wedding,"S,M,L,XL/XXXXL",Woven,Three-Quarter,Round Neck,Cotton,Contemporary Ethnic,"Beige cotton kurta with golden woven lotus motifs, navy blue pants, white sheer dupatta.",2350,Images/P508.jpg
P509,Women,Western Wear,Pants,Beige,Casual,"S,M,L,XL/XXXL",Self-Design,NA,NA,Cotton Blend,Casual Chic,Beige cotton blend wide-leg palazzo pants with subtle self-woven diamond pattern.,1890,Images/P509.jpg
P510,Women,Ethnic Wear,Saree,Teal Blue,Party and Wedding,Free Size,Floral Print,Sleeveless,Round Neck,Georgette,Contemporary Floral,"A teal blue georgette saree featuring vibrant multicolor floral prints in red, yellow, pink, and green. Comes with a matching sleeveless blouse.",1700,Images/P510.jpg
P512,Women,Ethnic Wear,Kurta Set,Beige,Party and Wedding,"S, M, L, XL, XXL",Floral Print,3/4 Sleeve,Round Neck,Cotton Blend,Traditional Ethnic,"A beige printed kurta set with vertical stripes and floral patterns, embroidered neckline, 3/4 sleeves, matching dupatta and pink leggings.",6360,Images/P512.jpg
P513,Women,Ethnic Wear,Top,Blue,Casual,"S, M, L, XL/XXXL",Geometric Print,3/4 Sleeve,Square Neck,Cotton,Peplum Ethnic,"A blue cotton top with ethnic geometric prints in white and beige, square neckline, 3/4 sleeves, tassel drawstrings, flared peplum hem.",930,Images/P513.jpg
P514,Women,Western Wear,Top,Yellow,Casual,"S, M, L, XL/XXXXL",Bohemian Print,Sleeveless,V-Neck,Cotton,Boho Chic,"A bright yellow cotton spaghetti strap top with colorful bohemian and ethnic prints, wrap-style V-neckline, relaxed fit.",1300,Images/P514.jpg
P515,Women,Western Wear,Cardigan,Light Blue,Casual,"S, M, L, XL, XXL",Solid,Full Sleeves,Open Front,Viscose,Drape Cardigan,"Light blue open-front drape cardigan with waterfall front, long sleeves, soft textured fabric.",3070,Images/P515.jpg
P516,Women,Western Wear,Top,Red,Formal,"S, M, L, XL, XXL",Solid,Half Sleeves,V-Neck,Chiffon,Flutter Sleeve Top,"Red V-neck top with sheer striped flutter bell sleeves, relaxed fit, lightweight chiffon fabric.",1280,Images/P516.jpg
P517,Women,Western Wear,Pants,Black,Formal,"XS, S, M, L, XL, XXL",Colorblock,NA,NA,Crepe,Wide-Leg Palazzo,"Black and white colorblock wide-leg palazzo pants with contrasting side stripes, pleated front, flowing silhouette.",1190,Images/P517.jpg
P518,Women,Ethnic Wear,Kurti,Brown,Casual,"S, M, L, XL, XXL",Printed,Three-Quarter Sleeves,Round Neck,Rayon,A-Line Kurti,"Brown burnt orange A-line kurti with black floral and paisley print, three-quarter sleeves, asymmetric hem.",1980,Images/P518.jpg
P519,Women,Ethnic Wear,Lehenga Choli,Pink,Party and Wedding,"S, M, L, XL, XXL",Embroidered,Full Sleeves,Round Neck,Net,Embroidered Lehenga Set,"Peach pink embroidered lehenga choli set with full-sleeve blouse, flared skirt, matching net dupatta with intricate floral threadwork.",1350,Images/P519.jpg
P520,Women,Ethnic,Salwar Suit,Navy Blue,Party,"S, M, L, XL, XXL",Embroidered,Three-Quarter Sleeves,Round Neck,Velvet,Traditional,"Navy blue velvet kurta with intricate gold embroidery on the yoke, paired with matching navy palazzo pants and a maroon dupatta.",1260,Images/P520.jpg
P521,Women,Ethnic,Salwar Suit,White,Casual,"S, M, L, XL, XXL",Block Print,Three-Quarter Sleeves,Mandarin Collar,Cotton,Traditional,"White cotton kurta with small block prints, paired with white palazzo pants and a vibrant pink-orange silk dupatta.",770,Images/P521.jpg
P522,Women,Western,Jacket,Pink,Casual,"XS, S, M, L, XL/XXXXL",Color Block,Full Sleeves,Hooded,Polyester,Casual,"Pink and grey color block puffer jacket with hood, full zip front, quilted panels.",3450,Images/P522.jpg
P524,Women,Western,Dress,Maroon,Party,"XS, S, M, L, XL",Shimmer,Full Sleeves,Round Neck,Georgette,Contemporary,"Maroon shimmer dress with matching open-front waterfall drape jacket, all-over sparkle texture.",3300,Images/P524.jpg
P525,Women,Ethnic Wear,Lehenga Skirt,Coral Pink,Party and Wedding,"S, M, L, XL",Floral Block Print,N/A,N/A,Cotton,Traditional,"Coral pink cotton lehenga skirt with all-over floral block print, drawstring waist with tassel detail, flared silhouette.",900,Images/P525.jpg
P526,Women,Ethnic Wear,Kurta Set,Pink,Party and Wedding,"S, M, L, XL/XXXXL",Striped,Three-Quarter,Round Neck,Cotton,Traditional,"Pink cotton kurta set with multicolor vertical stripes, paired with matching palazzo pants and striped dupatta with tassel edges.",4120,Images/P526.jpg
P527,Women,Western Wear,Crop Top,Navy Blue,Casual,"XS, S, M, L, XL",Solid,Short Sleeve,Round Neck,Cotton Blend,Casual,"Navy blue solid crop top with crew neckline, short sleeves, relaxed fit.",1940,Images/P527.jpg
P528,Women,Ethnic Wear,Lehenga Choli Set,Red,Party and Wedding,"S, M, L, XL",Traditional Print,Short Sleeve,Keyhole Neck,Art Silk,Traditional,"Red art silk lehenga choli set with gold foil motifs, elaborate lehenga skirt with traditional elephant and arch prints, includes matching dupatta.",3760,Images/P528.jpg
P529,Women,Western Wear,Tunic Top,Sage Green,Casual,"S, M, L, XL",Floral,Three-Quarter,Mandarin Collar,Cotton,Bohemian,"Sage green cotton tunic top with red and navy floral print, mandarin collar with button placket, gathered yoke, elasticated cuffs.",1220,Images/P529.jpg
P530,Women,Clothing,Jacket,Pink,Casual,"S, M, L, XL/XXL",Quilted,Full Sleeves,Stand Collar,Polyester,Puffer Jacket,"Lightweight pink quilted puffer jacket with stand collar, front zip closure, chevron quilting pattern.",860,Images/P530.jpg
P531,Women,Clothing,Kurta,Blue,Party and Wedding,"XS, S, M, L, XL, XXL",Floral,Three-Quarter Sleeves,Mandarin Collar,Cotton,Ethnic,"Navy blue cotton kurta with orange and peach floral paisley print, button-front closure, mandarin collar. Paired with white asymmetrical hem palazzo pants.",1780,Images/P531.jpg
P532,Women,Clothing,Kurta Set,White,Party and Wedding,"XS, S, M, L, XL, XXL",Embroidered,Three-Quarter Sleeves,Mandarin Collar,Cotton,Traditional,"White cotton kurta with subtle check pattern and delicate embroidery, button-front with mandarin collar. Golden churidar and orange zari-bordered dupatta with tassels.",810,Images/P532.jpg
P533,Women,Clothing,Jumpsuit,Navy Blue,Party,"XS, S, M, L, XL",Solid,Sleeveless,One Shoulder,Crepe,Western,Navy blue one-shoulder jumpsuit with shimmery metallic draped top and wide-leg pants. Elegant party wear with cinched waist.,1640,Images/P533.jpg
P534,Women,Clothing,Kurta Set,Sky Blue,Party and Wedding,"XS, S, M, L, XL, XXL",Floral,Three-Quarter Sleeves,Round Neck,Georgette,Ethnic,Sky blue georgette kurta set with pink and green floral embroidery on yoke and sleeves. Matching embroidered dupatta and pants with scalloped edges.,960,Images/P534.jpg
P535,Women,Ethnic Wear,Blouse,Navy Blue,Party,"S, M, L, XL/XXXL",Embroidered,Puff Sleeve,Square Neck,Silk Blend,Contemporary Ethnic,"Navy blue crop blouse with gold and red floral thread embroidery in geometric lattice pattern. Dramatic voluminous puff sleeves, square neckline.",940,Images/P535.jpg
P536,Women,Ethnic Wear,Lehenga Choli,Beige,Party and Wedding,"S, M, L, XL, XXL",Floral Embroidered,Sleeveless,Round Neck,Net and Silk,Traditional,"Beige lehenga choli set with sleeveless embroidered crop top, full flared lehenga skirt with floral applique and embroidery, matching net dupatta with scalloped embroidered border.",2600,Images/P536.jpg
P538,Women,Ethnic Wear,Kurta Set,Olive Green,Party and Wedding,"S, M, L, XL, XXL",Floral Printed,Three-Quarter Sleeve,Keyhole Neck,Cotton,Indo-Western,"Olive green cotton kurta with all-over floral print, maroon contrast keyhole neckline, paired with maroon palazzo pants and maroon woven dupatta with gold zari border.",6310,Images/P538.jpg
P539,Women,Western Wear,Jeans,Grey,Casual,"S, M, L, XL, XXL",Solid,NA,NA,Denim,Casual,"Grey washed skinny-fit jeans with classic five-pocket design, button and zip fly, subtle fade through thighs, regular waist, slim tapered leg.",860,Images/P539.jpg
P540,Women,Western Wear,Skirt,Green,Casual,"XS, S, M, L, XL",Polka Dot,Sleeveless,Spaghetti Strap,Cotton Blend,A-Line Mini Skirt,"Dark green A-line mini skirt with white polka dot print, elasticated high waist, flared hem. Paired with white bustier top for retro-inspired look.",3100,Images/P540.jpg
P541,Women,Ethnic Wear,Kurta Set,Red,Party and Wedding,"S, M, L, XL, XXL",Self Design,Three-Quarter Sleeves,Round Neck,Cotton,Straight Kurta with Dupatta,"Coral red cotton kurta set with intricate self-design chikankari embroidery, matching trousers with striped hem, embroidered cream organza dupatta with floral motifs.",1400,Images/P541.jpg
P542,Women,Ethnic Wear,Kurta Set,Yellow,Party and Wedding,"S, M, L, XL, XXL",Striped,Three-Quarter Sleeves,Mandarin Collar,Cotton,Straight Kurta with Dupatta,"Mustard yellow cotton kurta with subtle horizontal stripe texture, mandarin collar button placket, matching churidar leggings and off-white textured dupatta with golden zari border.",940,Images/P542.jpg
P544,Women,Western Wear,Poncho,Black,Casual,"S, M, L, XL",Chevron,Poncho Sleeve,V-Neck,Polyester Blend,Open Front Poncho,"Black and white chevron zigzag pattern knitted poncho with open front design, loose relaxed fit, fringe detailing along hem.",920,Images/P544.jpg
P545,Women,Western Wear,Cardigan,Grey,Casual,"S, M, L, XL/XXL",Cable Knit,Full Sleeve,V-Neck,Acrylic Blend,Casual,"Grey cable-knit button-front cardigan with V-neck and long sleeves, classic textured knit pattern.",3050,Images/P545.jpg
P546,Women,Western Wear,Co-ord Set,Multicolour,Party,"XS, S, M, L, XL",Floral Print,Sleeveless,Spaghetti Strap,Polyester,Trendy,"Floral print crop top with matching flared skirt co-ord set, vibrant multicoloured flowers on black base.",4870,Images/P546.jpg
P547,Women,Ethnic Wear,Saree,Pink,Party and Wedding,Free Size,Floral Print,Sleeveless,N/A,Georgette,Traditional,"Pink georgette saree with floral print and sequin embellishments, paired with matching blouse.",2500,Images/P547.jpg
P548,Women,Western Wear,Skirt,Black,Party,"XS, S, M, L",Solid,N/A,N/A,Polyester,Modern,"Black metallic pleated midi skirt with elastic waistband, perfect for party and evening wear.",3260,Images/P548.jpg
P549,Women,Western Wear,T-Shirt,Red,Casual,"XS, S, M, L, XL",Solid,Short Sleeve,Crew Neck,Cotton Blend,Casual,"Red crew-neck cropped t-shirt with short sleeves, versatile casual wardrobe essential.",4350,Images/P549.jpg
P550,Women,Ethnic Wear,Lehenga Choli Set,Black,Party and Wedding,"XS, S, M, L, XL/XXL",Sequin Embroidered,Short Sleeve,V-Neck,"Velvet, Net",Traditional Indian,"Black velvet blouse with gold sequin embroidery, matching black and gold sequin embroidered lehenga skirt and black net dupatta with gold border.",2080,Images/P550.jpg
P551,Women,Western Wear,Skirt,Light Blue,Formal,"XS, S, M, L, XL/XXXXL",Solid,N/A,N/A,Cotton Blend,Modern Wrap,"Light blue wrap midi skirt with front slit and self-tie bow waistband, flattering wrap design.",890,Images/P551.jpg
P552,Women,Ethnic Wear,Saree,Teal,Party and Wedding,Free Size,Abstract Print,N/A,N/A,Chiffon,Contemporary Printed,"Teal saree with abstract floral print in yellow and black, lightweight flowy drape.",1380,Images/P552.jpg
P553,Women,Casual Wear,Jogger Pants,Black,Casual,"XS, S, M, L, XL",Solid,N/A,N/A,Cotton,Relaxed Fit,Black jogger pants with elasticated waistband and drawstring closure.,1400,Images/P553.jpg
P554,Women,Western Wear,Jeans,Blue,Casual,"XS, S, M, L, XL",Solid,N/A,N/A,Denim Cotton,Relaxed Boyfriend Fit,"Blue denim jeans with relaxed boyfriend fit, faded wash effect.",1790,Images/P554.jpg
P555,Women,Western Wear,Crop Top,Black,Casual,"XS, S, M, L, XL/XXXXL",Leopard Print,Spaghetti Strap,Square Neck,Polyester Blend,Trendy,"Black crop top with beige leopard print pattern and thin spaghetti straps, sweetheart neckline, fitted silhouette.",1050,Images/P555.jpg
P556,Women,Ethnic Wear,Kurta,Black,Party and Wedding,"S, M, L, XL, XXL",Striped,Three-Quarter Sleeve,Split Neck,Cotton Blend,Traditional,"Black straight kurta with golden vertical stripe and cross pattern print, three-quarter sleeves, front tassel detail.",1080,Images/P556.jpg
P557,Women,Western Wear,Cardigan,Black,Casual,"XS, S, M, L, XL/XXXXL",Solid,Sleeveless,V-Neck,Cotton Blend,Classic,"Black sleeveless V-neck cardigan with front button closure, layered over shirts for polished look.",1830,Images/P557.jpg
P559,Women,Western Wear,Trousers,Navy Blue,Formal,"XS, S, M, L, XL",Solid,NA,NA,Cotton Blend,Formal,"Navy blue slim-fit formal trousers with flat front, button closure, tapered legs. Perfect for office wear.",2420,Images/P559.jpg
P560,Women,Clothing,Jumpsuit,Red,Casual,"XS, S, M, L, XL",Abstract Print,Sleeveless,Square Neck,Polyester Blend,Streetwear,"Vibrant printed jumpsuit with abstract swirl pattern in red, orange, black, grey. Tie-up shoulder straps, relaxed fit, full-length tapered legs.",950,Images/P560.jpg
P561,Women,Clothing,Top,White,Casual,"XS, S, M, L, XL",Solid,Short Sleeve,Round Neck,Cotton Blend,Casual Chic,"Relaxed-fit white top with flutter ruffle sleeves and tie-up detailing at sides, round neckline, minimalist feminine appeal.",2990,Images/P561.jpg
P562,Women,Clothing,Sweater,Black,Formal,"S, M, L, XL, XXL",Textured,Long Sleeve,Round Neck,Acrylic Blend,Classic,"Classic black cable-knit sweater with textured braided pattern, ribbed crew neckline, ribbed hem, relaxed regular fit.",2080,Images/P562.jpg
P563,Women,Clothing,Top,White,Party,"XS, S, M, L, XL",Polka Dot,Long Sleeve,V-Neck,Mesh and Polyester,Elegant,"Sophisticated white top with sheer mesh overlay and black polka dots, bishop sleeves, solid white camisole layered underneath, V-neckline, elasticated cuffs.",3900,Images/P563.jpg
P564,Women,Clothing,Trousers,Grey,Formal,"XS, S, M, L, XL",Solid,NA,NA,Cotton Blend,Smart Casual,"Grey paperbag-waist trousers with self-tie belt, button closure, pleated front, cropped straight-leg silhouette.",5640,Images/P564.jpg
P565,Women,Ethnic,Kurta Set,Green,Party and Wedding,"S, M, L, XL, XXL",Solid with Woven Border,Three-Quarter,Square,Art Silk,Traditional Indian,"Green art silk kurta set with button front, contrast patterned sleeve borders, matching churidar, gold-woven polka dot dupatta with tassels.",1660,Images/P565.jpg
P566,Women,Western,Top,Beige,Casual,"XS, S, M, L, XL/XXXL",Solid,Sleeveless,High Neck,Ribbed Knit,Contemporary,"Beige ribbed knit sleeveless mock-neck fitted top, clean minimalist silhouette, suitable for layering or standalone wear.",670,Images/P566.jpg
P567,Women,Western,Shrug,Orange,Casual,"S, M, L, XL/XXL",Striped,Three-Quarter,Open Front,Viscose,Bohemian,"Orange open-front kimono-style shrug with thin stripe detailing, asymmetric hemline, delicate lace trim along edges.",2670,Images/P567.jpg
P568,Women,Western,Cardigan,Black,Casual,"XS, S, M, L, XL",Solid,Long,Open Front,Cotton Blend,Relaxed Contemporary,"Black longline open-front cardigan with batwing sleeves, lightweight drape, ideal for layering over casual outfits.",1230,Images/P568.jpg
P569,Women,Ethnic,Co-ord Set,Blue,Party,"XS, S, M, L, XL/XXL",Geometric,Cap,Square,Cotton Blend,Indo-Western,"Blue geometric-print co-ord set with square-neck crop top, cap sleeves, high-waisted flared maxi skirt with silver metallic waist accent buttons.",3490,Images/P569.jpg
P570,Women,Bottomwear,Palazzo Pants,Multi,Formal,"XS, S, M, L, XL/XXL",Watercolor Print,N/A,N/A,Polyester Blend,High-waisted Pleated Wide-leg,"High-waisted pleated palazzo pants with vibrant watercolor print in purple, yellow, blue, green. Wide-leg silhouette with front pleats.",1120,Images/P570.jpg
P571,Women,Topwear,Sweatshirt,Brown,Casual,"S, M, L, XL/XXL",Graphic Print,Long Sleeves,Off-shoulder,Cotton Blend,Off-shoulder Relaxed Fit,"Brown off-shoulder sweatshirt with front graphic print reading ELEGANCIA Limited Edition. Ribbed cuffs and hem, relaxed trendy silhouette.",3850,Images/P571.jpg
P572,Women,Ethnic Wear,Kurta Set,Pink,Party and Wedding,"S, M, L, XL, XXL",Embroidered,Three-quarter Sleeves,Keyhole Neck,Cotton,A-line Kurta with Palazzo and Dupatta,Pink cotton kurta with navy blue palazzo pants and embroidered navy dupatta. Quilted yoke design with button detailing and three-quarter sleeves.,700,Images/P572.jpg
P573,Women,Bottomwear,Shorts,Pink,Casual,"XS, S, M, L, XL",Solid,N/A,N/A,Cotton,Paperbag Waist Tied Belt,"Pink cotton paperbag waist shorts with self-tie belt and cuffed hem, high-rise fit, relaxed comfortable silhouette for summer.",1170,Images/P573.jpg
P574,Women,Ethnic Wear,Maxi Dress,Peach,Party,"S, M, L, XL/XXXL",Mirror Work,Sleeveless,Spaghetti Strap,Georgette,Tiered Maxi with Dupatta,Peach georgette tiered maxi dress with spaghetti straps and mirror work embellishments on bodice. Matching flowy dupatta for fusion ethnic look.,2460,Images/P574.jpg
P575,Women,Western Wear,Embroidered Jacket,Peach,Casual,"S, M, L, XL",Floral,Full Sleeve,Round Neck,Silk Blend,Cropped Open Front,"Peach-toned cropped jacket with heavy floral embroidery, beadwork, sequin detailing along borders. Round neckline, front open design with gold trim.",1210,Images/P575.jpg
P576,Women,Ethnic Wear,Saree,Orange,Party and Wedding,Free Size,Geometric,N/A,N/A,Banarasi Silk,Traditional Zari Border,Orange Banarasi silk saree with intricate gold zari geometric and floral motifs. Heavy gold woven border and matching blouse piece with short sleeves.,2750,Images/P576.jpg
P577,Women,Western Wear,Cardigan,Maroon,Casual,"S, M, L, XL",Solid,Full Sleeve,Open Front,Viscose Blend,Longline Open Front,"Longline maroon knitted cardigan with textured ribbed placket along open front. Long sleeves with ribbed cuffs, relaxed comfortable fit.",1220,Images/P577.jpg
P578,Women,Western Wear,Co-ord Set,Grey,Casual,"XS, S, M, L",Text Print,Short Sleeve,Round Neck,Cotton Blend,Crop Top and Shorts,Grey heathered co-ord set with cropped t-shirt with bold WHY YES text print and matching high-waisted shorts with vertical text print.,3460,Images/P578.jpg
P579,Women,Western Wear,Crop Top,Sky Blue,Casual,"XS, S, M, L, XL",Solid,Sleeveless,Round Neck,Cotton Rib Knit,Twist Front Cropped,"Sky blue sleeveless ribbed crop top with twist-front knot detail at hem, round neckline, fitted silhouette with slight crop length.",2740,Images/P579.jpg
P580,Women,Ethnic Wear,Kurta Set with Dupatta,Yellow,Party and Wedding,"S, M, L, XL, XXL",Embroidered,Sleeveless,Round Neck,Cotton,Anarkali,Yellow sleeveless anarkali kurta set with matching embroidered dupatta and scalloped lace trim. Paired with golden churidar bottoms.,1700,Images/P580.jpg
P582,Women,Ethnic Wear,Kurta and Pant Set,Maroon,Party and Wedding,"S, M, L, XL, XXL",Printed,Half Sleeve,Mandarin Collar,Cotton,Straight,"Maroon printed straight-fit kurta with mandarin collar and wooden button placket, paired with matching printed tapered pants.",3930,Images/P582.jpg
P583,Women,Western Wear,Trousers,Brown,Formal,"XS, S, M, L, XL/XXXXL",Solid,NA,NA,Polyester Blend,High-Waisted Wide-Leg,Brown high-waisted wide-leg trousers with pleated front and button closure. Flattering straight silhouette for formal and office wear.,1550,Images/P583.jpg
P585,Women,Western Wear,Top,White,Formal,Not visible/XXXL,Heart Print,Cape Sleeves,Round Neck,Viscose Rayon,Peplum with Tie-Up Belt,"White peplum top featuring scattered black heart prints throughout. The top has flutter cape sleeves with slit detail and a self-tie belt at the waist, creating a flared silhouette below the waist.",2280,Images/P585.jpg
P586,Women,Ethnic Wear,Kurta,Cream,Party and Wedding,Not visible,Self Design,Three-Quarter Sleeves,Round Neck,Cotton Silk,A-Line Kurta with Dupatta,"Off-white/cream A-line kurta with subtle self-design embroidery, paired with a dark gold/mustard dupatta featuring polka dot motifs and striped border with tassels. Includes matching beige palazzo pants.",1570,Images/P586.jpg
P589,Women,Western Wear,Jeans,Grey,Casual,Not visible,Solid,Not applicable,Not applicable,Cotton Denim,High-Rise Skinny Jeans,"Grey washed skinny jeans with a high-rise waist and exposed multi-button fly closure (5 buttons). Features classic five-pocket styling with front pockets and belt loops, and a fitted silhouette through the legs.",4260,Images/P589.jpg
P590,Women,Western Wear,Top,Beige,Party,Not visible,Solid,Sleeveless,Cowl Neck,Satin,Draped Cowl Neck Camisole,Champagne/beige satin sleeveless top with a draped cowl neckline creating soft folds across the front. The top has a relaxed fit with a straight hemline and a luxurious sheen finish.,730,Images/P590.jpg
P591,Women,Western Wear,Jeans,Blue,Casual,Not visible/XXL,Acid Wash,Not applicable,Not applicable,Cotton Denim,Mid-Rise Skinny Jeans,Light blue acid wash skinny jeans with a mid-rise waist and button-fly closure. Classic five-pocket styling with a faded vintage wash effect throughout.,910,Images/P591.jpg
P592,Women,Western Wear,Jacket,Navy Blue,Casual,Not visible/XXXXL,Polka Dot,Three-Quarter Sleeves,Open Front,Georgette,Sheer Overlay Jacket with Belt,Navy blue sheer georgette open-front jacket with self-fabric tie belt at the waist. Features small polka dot texture throughout and flutter bell sleeve detail at the hem.,4770,Images/P592.jpg
P593,Women,Western Wear,Sweater,Light Green,Casual,Not visible,Ribbed,Full Sleeves,Round Neck,Cotton Blend,Ribbed Knit Sweater,Light mint green ribbed knit sweater with a round neckline and long sleeves. Features a subtle textured rib pattern with a cinched waist detail and extended ribbed cuffs.,1750,Images/P593.jpg
P594,Women,Western Wear,Trousers,Cream,Casual,Not visible,Embroidered,Not applicable,Not applicable,Cotton,Straight-Lace Trim Trousers,Cream/off-white straight-leg trousers with delicate all-over embroidery and lace trim at the ankle hem. Features a high-rise elasticated waistband and side pockets.,3810,Images/P594.jpg
P595,Women,Western Wear,Jumpsuit,Blue,Casual,Not visible/XXL,Striped,Sleeveless,Round Neck,Cotton,Pleated Culotte Jumpsuit,Light blue and white striped sleeveless jumpsuit with a fitted bodice and wide pleated culotte legs. Features a high waistline with box pleats creating volume through the lower half.,1980,Images/P595.jpg
P596,Women,Western Wear,Jeans,Blue,Casual,Not visible,Solid,Not applicable,Not applicable,Cotton Denim,Mid-Rise Skinny Jeans,Dark blue indigo skinny jeans with a mid-rise waist and classic button-fly closure. Features subtle whiskering and a fitted silhouette with slight fading at the thighs.,1650,Images/P596.jpg
P598,Women,Western Wear,Jumpsuit,Teal,Party,Not visible,Solid,Full Sleeves,Square Neck,Crepe,Co-ord Jumpsuit Set,Teal blue crepe co-ord set featuring a cropped blazer-style top with a matching bandeau inner and a draped wrap-front palazzo pant with button side detail.,1940,Images/P598.jpg
P599,Women,Western Wear,Jumpsuit,Beige,Party,Not visible/XXL,Solid,Sleeveless,Round Neck,Crepe,Wide-Leg Jumpsuit,Light beige/taupe sleeveless wide-leg jumpsuit with a round neckline and front seam detailing. Features a relaxed fit with side pockets and a flowing palazzo silhouette.,1200,Images/P599.jpg
P600,Women,Western Wear,Top,Light Green,Formal,Not visible/XXXL,Solid,Full Sleeves,High Neck,Chiffon,Ruffled High-Neck Blouse,Pale sage green chiffon blouse with a ruffled high neck and full bishop sleeves with elastic cuffs. Features ladder lace and crochet trim detailing along the yoke and center front.,1410,Images/P600.jpg
P601,Women,Ethnic Wear,Saree,Green,Party and Wedding,Not visible/XXXXL,Woven,Not applicable,Not applicable,Banarasi Silk,Banarasi Silk Saree,Emerald green Banarasi silk saree with intricate gold zari woven floral and paisley motifs throughout. Features a rich magenta pink border with detailed zari work and includes a matching pink silk blouse.,3250,Images/P601.jpg
P602,Women,Ethnic Wear,Saree,Light Blue,Party and Wedding,Not visible/XXXL,Woven,Not applicable,Not applicable,Banarasi Silk,Banarasi Silk Saree,Pastel aqua/light blue Banarasi silk saree with self-woven intricate floral and paisley patterns. Features a subtle sheen with tone-on-tone zari work and matching border detail.,3270,Images/P602.jpg
P603,Women,Ethnic Wear,Saree,Maroon,Party and Wedding,Not visible/XXXXL,Woven,Not applicable,Not applicable,Banarasi Silk,Banarasi Silk Saree,Deep maroon/wine Banarasi silk saree with fine gold zari woven geometric and floral patterns throughout. Features a wide ornate border with intricate temple motifs and a contrasting gold pallu. Includes a matching maroon silk blouse.,3510,Images/P603.jpg
P604,Women,Bottomwear,Skirt,Yellow,Casual,"S, M, L, XL",Floral,NA,NA,Rayon,Flared,"Yellow flared maxi skirt with tropical palm leaf print, wrap-around style with flowy silhouette.",560,Images/P604.jpg
P605,Women,Ethnic Wear,Sharara Set,Pink,Party,"S, M, L, XL/XXL",Embellished,Three-quarter,Round,Georgette,Traditional,"Pink georgette sharara set with gold embroidery work, three-quarter sleeves, flared sharara pants, matching dupatta.",3740,Images/P605.jpg
P606,Women,Ethnic Wear,Saree,Gold,Party and Wedding,Free Size,Woven,Short,Round,Silk,Traditional,"Gold and pink dual-tone silk saree with intricate woven patterns, contrasting pink border and pallu with gold zari work.",1000,Images/P606.jpg
P607,Women,Western Wear,Jacket,Beige,Casual,"S, M, L, XL, XXL",Solid,Full,Hooded,Cotton,Utility,"Beige cotton utility jacket with hood, drawstring waist, multiple flap pockets. Front zipper closure with snap buttons.",750,Images/P607.jpg
P609,Women,Ethnic Wear,Salwar Suit Set,Beige,Party,"S, M, L, XL, XXL",Solid,Three-Quarter Sleeves,Mandarin Collar,Art Silk,Traditional,Beige art silk kurta with matching pants and dupatta featuring pink and gold gota patti border trim.,2510,Images/P609.jpg
P610,Women,Ethnic Wear,Salwar Suit Set,Mint Green,Party,"S, M, L, XL, XXL",Embroidered,Three-Quarter Sleeves,V-Neck,Cotton,Chikankari,Mint green chikankari embroidered cotton kurta with matching pants and contrasting orange embroidered dupatta with scalloped edges.,720,Images/P610.jpg
P611,Women,Western Wear,Top,Orange,Casual,"XS, S, M, L, XL/XXXXL",Checked,Puff Sleeves,Off-Shoulder,Cotton,Casual,"Orange and white gingham check off-shoulder top with smocked elasticated neckline and puff sleeves, cropped length.",3350,Images/P611.jpg
P612,Women,Western Wear,Jacket,Yellow,Casual,"S, M, L, XL",Floral,Three-Quarter Sleeves,Open Front,Viscose,Boho,"Mustard yellow longline open-front kimono jacket with white daisy floral print, three-quarter elasticated cuffs.",3170,Images/P612.jpg
P614,Women,Skirts,Pencil Skirt,Maroon,Party,"XS, S, M, L, XL",Solid,NA,NA,Faux Leather,Bodycon,"Maroon faux leather high-waisted pencil midi skirt with sleek polished finish, perfect for evening and party wear.",510,Images/P614.jpg
P615,Women,Skirts,Maxi Skirt,Maroon,Ethnic,"S, M, L, XL, XXL",Ethnic Print,NA,NA,Cotton Blend,Flared,"Maroon ethnic printed wrap-around maxi skirt with gold bandhani and paisley motifs, drawstring waist, gold border hem.",1410,Images/P615.jpg
P616,Women,Western Wear,Cardigan,Brown,Casual,"S, M, L, XL",Striped,Full Sleeve,Round Neck,Wool Blend,Casual,"Brown and beige multi-tonal cable-knit cardigan with front button closure, mixed knit textures.",5160,Images/P616.jpg
P617,Women,Ethnic Wear,Dupatta,Multi-Colour,Ethnic,Free Size/XXL,Floral Print,NA,NA,Chiffon,Printed,"Multi-coloured chiffon dupatta with vibrant patchwork floral print, gold lace border.",2220,Images/P617.jpg
P618,Women,Western Wear,Co-ord Set,Beige,Casual,"XS, S, M, L, XL",Solid,Short Sleeve,Round Neck,Rayon,Casual,"Beige two-piece co-ord set with cropped t-shirt and matching wide-leg palazzo pants, soft flowy fabric.",4160,Images/P618.jpg
P619,Women,Western Wear,Jacket,Black,Sports and Outdoor,"XS, S, M, L, XL",Solid,Full Sleeve,Hooded,Polyester and Spandex,Athletic,"Women's black full-zip hooded performance jacket with thumbhole cuffs, front zip pockets, fitted silhouette.",5200,Images/P619.jpg
P622,Women,Ethnic Wear,Saree,Red,Party and Wedding,Free Size/XXXXL,Woven,Bell Sleeve,Boat Neck,Banarasi Silk,Traditional,"Red Banarasi silk saree with intricate gold zari floral motifs, paired with olive green bell-sleeve blouse with embroidered detailing.",2950,Images/P622.jpg
P623,Women,Ethnic Wear,Saree,Pink,Party and Wedding,Free Size/XXL,Woven,Sleeveless,V Neck,Banarasi Silk,Traditional,"Pink Banarasi silk saree with gold zari border, small woven butti motifs, decorative tassel fringe along pallu edge.",1630,Images/P623.jpg
P624,Women,Ethnic,Shrug,Rust Brown,Casual,"S, M, L, XL, XXL",Geometric,Three-Quarter Sleeve,Open Front,Cotton,Ethnic Fusion,"Rust brown printed cotton shrug with geometric diamond pattern, cinched waist, three-quarter sleeves.",3990,Images/P624.jpg
P625,Women,Accessories,Shawl,Beige,Casual,Free Size/XXXXL,Paisley,Sleeveless,Wrap,Cotton Blend,Traditional,"Beige cotton blend shawl with intricate multicolour paisley and floral print, fringed edges, striped border.",930,Images/P625.jpg
P626,Women,Ethnic,Kurti,Maroon,Party and Wedding,"S, M, L, XL, XXL",Embroidered,Three-Quarter Sleeve,Round Neck,Cotton,Ethnic,"Maroon cotton kurti with gold embroidery and mirror work on yoke, three-quarter sleeves with gold trim. Paired with golden pants.",920,Images/P626.jpg
P627,Women,Western,Top,Olive Green,Casual,"XS, S, M, L, XL/XXXXL",Solid,Short Sleeve,Mock Neck,Ribbed Knit,Contemporary,"Olive green ribbed knit top with asymmetrical front zip with ring pull detail, mock neck, short sleeves.",950,Images/P627.jpg
P628,Women,Western,Jeans,Blue,Casual,"26, 28, 30, 32, 34/XXXXL",Solid,NA,NA,Denim,Casual,"Medium-wash blue denim jeans with classic five-pocket styling, button fly closure, straight-leg fit.",1020,Images/P628.jpg
P629,Women,Outerwear,Utility Vest,Olive Green,Outdoor/Casual,"S, M, L, XL/XXXXL",Solid,Sleeveless,V-Neck,Cotton Blend,Military/Tactical,"Olive green utility vest with multiple flap and zipper pockets, front zipper closure, D-ring accents.",3200,Images/P629.jpg
P630,Women,Ethnic Wear,Kurti,Pink,Casual,"XS, S, M, L, XL, XXL",Floral Print,Three-Quarter Sleeves,Round Neck,Cotton,A-Line,"Pink cotton kurti with all-over floral print, round neckline, three-quarter sleeves, straight hemline.",5120,Images/P630.jpg
P631,Women,Western Wear,Top,Maroon,Casual,"XS, S, M, L, XL",Solid,Three-Quarter Sleeves,Wrap V-Neck,Viscose/Crepe,Wrap,"Maroon wrap-style top with crossover V-neckline, relaxed three-quarter sleeves with cuffed hems, draped front.",1140,Images/P631.jpg
P632,Women,Bottom Wear,Jeans,Blue,Casual,"26, 28, 30, 32, 34/XXL",Solid,NA,NA,Denim Cotton,Wide-Leg,"Blue wide-leg denim jeans with mid-to-high rise, front pockets, button-and-zip closure, distressed knee rips.",1360,Images/P632.jpg
P633,Women,Outerwear,Shrug/Bolero,Purple,Casual,"S, M, L, XL",Eyelet/Chikankari,Short Sleeves,Open Front,Cotton,Crochet/Embroidered,"Purple cotton shrug with all-over eyelet embroidery, pom-pom trim along edges, open-front design with short sleeves.",1910,Images/P633.jpg
P634,Women,Ethnic Wear,Salwar Kameez,Yellow,Festive,"S, M, L, XL",Floral Print,Sleeveless,Square Neck,Cotton,Traditional,"Yellow floral printed sleeveless kameez with golden gota patti lace, paired with pink churidar pants and dual-toned dupatta.",970,Images/P634.jpg
P636,Women,Western Wear,Jeans,Black,Casual,"XS, S, M, L, XL",Solid,N/A,N/A,Cotton Denim,Casual,"Black cropped straight-fit jeans with classic five-pocket styling, button closure, belt loops, mid-rise waist, ends above ankle.",1050,Images/P636.jpg
P637,Women,Ethnic Wear,Kurti,Mustard Yellow,Casual,"S, M, L, XL, XXL",Floral Print,Three-Quarter Sleeve,Round Neck,Cotton,Bohemian,"Mustard yellow cotton kurti with intricate blue and red floral block print, three-quarter sleeves, round neckline, straight cut.",3050,Images/P637.jpg
P638,Women,Ethnic Wear,Lehenga Choli,Lavender,Party and Wedding,"S, M, L, XL",Embroidered,Sheer Half Sleeve,V-Neck,Net and Satin,Traditional,"Lavender lehenga choli with heavy white thread embroidery, sequin, and mirror work throughout. Cropped choli with V-neckline, flared lehenga skirt, matching sheer net dupatta.",1140,Images/P638.jpg
P639,Women,Ethnic,Saree,Red,Party and Wedding,Free Size,Geometric,Sleeveless,Round Neck,Art Silk,Traditional,"Red art silk saree with chevron pattern and navy blue and green decorative border, paired with navy blue blouse.",640,Images/P639.jpg
P640,Women,Western,Jeans,Blue,Casual,"28, 30, 32, 34, 36",Solid,NA,NA,Cotton Denim,Casual,"Blue cotton denim skinny fit jeans with mid-rise waist and full length, styled with striped shirt and block heels.",1170,Images/P640.jpg
P641,Women,Western,Kaftan Top,Multicolor,Casual,"S, M, L, XL",Striped,Three-Quarter Sleeve,V-Neck,Viscose,Bohemian,Pastel multicolor diagonal striped kaftan top with tassel trim and matching wide-leg palazzo pants.,2290,Images/P641.jpg
P642,Women,Western,Jacket,Pink,Casual,"XS, S, M, L, XL/XXXL",Solid,Full Sleeve,Stand Collar,Polyester,Casual,"Bright pink lightweight puffer jacket with front zipper closure and stand collar, worn over white top and jeans.",4520,Images/P642.jpg
P643,Women,Ethnic,Kurta Set,Blue,Party and Wedding,"S, M, L, XL, XXL",Floral,Three-Quarter Sleeve,Round Neck,Georgette,Traditional,"Sky blue georgette kurta set with floral embroidery on yoke and hem, sheer dupatta with tassel border, matching embroidered pants.",1010,Images/P643.jpg
P644,Women,Jackets & Coats,Denim Jacket,Blue,Casual,"XS, S, M, L, XL",Solid,Full Sleeve,Collar,Cotton Denim,Classic,"Dark blue denim jacket with button-front closure, collar neck, two chest flap pockets.",1800,Images/P644.jpg
P645,Women,Jackets & Coats,Casual Jacket,Green,Casual,"XS, S, M, L, XL/XXXL",Solid,Full Sleeve,Collar,Cotton,Casual,"Sage green cotton jacket with button-front closure, collar neck, chest flap pockets.",2800,Images/P645.jpg
P646,Women,Ethnic Wear,Saree,White Red,Party and Wedding,Free Size,Geometric,Sleeveless,Round Neck,Cotton,Traditional,"White cotton saree with red checkered and geometric motifs, red border with intricate pattern.",1520,Images/P646.jpg
P647,Women,Jackets & Coats,Puffer Jacket,Pink,Casual,"XS, S, M, L, XL",Solid,Full Sleeve,Hood,Polyester,Casual,"Light pink quilted puffer jacket with fur-trimmed hood, snap-button and zip front closure.",6890,Images/P647.jpg
P648,Women,Bottomwear,Jeans,Blue,Casual,"XS, S, M, L, XL",Solid,NA,NA,Cotton Denim,Casual,"Dark blue skinny-fit denim jeans with subtle distressed detailing, raw frayed hem.",2970,Images/P648.jpg
P649,Women,Ethnic Wear,Lehenga Choli,Red and Navy Blue,Party and Wedding,"S, M, L, XL",Floral Print,Sleeveless,Boat Neck,Art Silk,Traditional,Red sleeveless crop top with navy blue floral printed lehenga skirt and multicolored printed dupatta.,5100,Images/P649.jpg
P650,Women,Western Wear,Sweatshirt,Brown,Casual,"XS, S, M, L, XL/XXXL",Solid,Full Sleeve,Round Neck,Cotton Blend,Casual,Solid brown crew-neck sweatshirt with ribbed cuffs and hem.,1120,Images/P650.jpg
P651,Women,Ethnic Wear,Salwar Kameez,Pink,Party,"S, M, L, XL",Woven,Full Sleeve,V-Neck,Art Silk,Traditional,"Pink art silk kurta with V-neckline, matching palazzo pants and dupatta with gold and silver zari.",1320,Images/P651.jpg
P652,Women,Ethnic Wear,Co-ord Set,Pink,Casual,"S, M, L, XL",Striped and Geometric Print,Three-Quarter Sleeve,Round Neck,Cotton,Indo-Western,"Three-piece pink cotton set with sleeveless inner top, striped palazzo pants, and longline geometric print jacket.",2640,Images/P652.jpg
P653,Women,Ethnic Wear,Co-ord Set,Maroon,Party,"S, M, L, XL/XXL",Embroidered,Full Sleeve,Round Neck,Velvet,Contemporary,Maroon velvet co-ord set with long-sleeved crop top with gold embroidered motifs and matching velvet skirt.,590,Images/P653.jpg
P655,Women,Ethnic Wear,Kurta Set,Yellow,Party and Wedding,"S, M, L, XL, XXL",Embroidered,Three-Quarter,V-Neck,Cotton,Ethnic,"Yellow cotton kurta with teal embroidered dupatta and matching palazzo pants, sequin and thread work.",1440,Images/P655.jpg
P656,Women,Western Wear,Jumpsuit,Pink,Casual,"XS, S, M, L, XL/XXXL",Floral,Sleeveless,Halter Neck,Rayon,Boho,"Pink floral print halter-neck jumpsuit with tie-up front, side cut-outs, wide-leg silhouette.",3170,Images/P656.jpg
P657,Women,Ethnic Wear,Kurta Set,Brown,Party and Wedding,"S, M, L, XL, XXL",Printed,Three-Quarter,Round Neck,Silk Blend,Ethnic,"Brown and grey printed silk blend kurta set with matching dupatta and palazzo, zari border detailing.",1010,Images/P657.jpg
P658,Women,Bottomwear,Trousers,White,Casual,"XS, S, M, L, XL, XXL",Solid,NA,NA,Cotton,Casual,"White cotton cropped trousers with elasticated waistband, relaxed fit, ankle-length hem.",5400,Images/P658.jpg
P660,Women,Bottomwear,Skirt,Yellow,Casual,"XS, S, M, L/XXXXL",Solid,NA,NA,Cotton,A-Line,Yellow flared mini skirt with elastic waistband.,6160,Images/P660.jpg
P661,Women,Topwear,Hoodie,Green,Casual,"S, M, L, XL",Solid,Full Sleeve,Hood,Cotton,Loungewear,Lime green hoodie loungewear set with drawstring hood and matching pants.,7140,Images/P661.jpg
P662,Women,Topwear,Sweater,Green,Casual,"XS, S, M, L, XL/XXXL",Solid,Full Sleeve,Turtleneck,Cotton,Regular,Emerald green turtleneck sweater with ribbed cuffs and hem.,1700,Images/P662.jpg
P663,Women,Bottomwear,Maxi Skirt,Purple,Casual,"S, M, L, XL",Ethnic Print,NA,NA,Cotton,A-Line,Purple wrap-style maxi skirt with traditional Indian elephant and paisley motifs.,800,Images/P663.jpg
P664,Women,Topwear,Tank Top,Black,Casual,"XS, S, M, L, XL",Solid,Sleeveless,Square Neck,Cotton Blend,Minimalist,"Solid black sleeveless tank top with square neckline and wide straps, form-fitting.",3040,Images/P664.jpg
P665,Women,Topwear,Blouse,Mustard Yellow,Formal,"XS, S, M, L, XL",Striped,Flutter Sleeve,V-Neck,Rayon,Feminine,"Mustard yellow and white vertical striped blouse with flutter sleeves, V-neckline.",2990,Images/P665.jpg
P666,Women,Bottomwear,Skirt,Black,Party,"XS, S, M, L, XL/XXXXL",Solid,NA,NA,Faux Leather,Edgy,"Black faux leather mini skirt with dual front zipper detailing, A-line cut.",1070,Images/P666.jpg
P667,Women,Ethnic Wear,Lehenga Set,Peach,Party and Wedding,"S, M, L, XL",Embellished,Half Sleeve,Round Neck,Chiffon,Traditional,"Peach-toned lehenga set with heavily sequined and embroidered crop top, flowing chiffon skirt with tiered ruffle detailing.",1580,Images/P667.jpg
P668,Women,Ethnic Wear,Saree,Dusty Rose,Party and Wedding,Free Size,Floral Embroidered,NA,NA,Chiffon,Traditional,Dusty rose chiffon saree with intricate all-over floral embroidery and scalloped edges.,990,Images/P668.jpg
P669,Women,Bottomwear,Pants,Green,Loungewear,"XS, S, M, L, XL",Chain Print,Full Sleeve,Round Neck,Polyester,Pajama Set,Green and white chain-link printed matching loungewear co-ord set with relaxed-fit top and straight-leg pants.,1160,Images/P669.jpg
P670,Women,Topwear,Sweatshirt,Blue,Sports,"XS, S, M, L, XL",Solid,Full Sleeve,Cowl Neck,Cotton Blend,Athleisure,New Balance teal blue cowl-neck sweatshirt paired with black jogger pants.,1210,Images/P670.jpg
P671,Women,Bottomwear,Skirt,Black,Casual,"XS, S, M, L, XL",Solid,NA,NA,Cotton,A-Line,"Black paper-bag waist mini skirt with self-tie bow belt, knife pleats, flared A-line silhouette.",1120,Images/P671.jpg
P672,Women,Outerwear,Jacket,Sage Green,Casual,"XS, S, M, L, XL",Solid,Full Sleeve,Mandarin Collar,Polyester,Bomber,"Light sage green bomber jacket with full-front zip, ribbed knit collar/cuffs/hem.",850,Images/P672.jpg
P673,Women,Bottomwear,Jeans,Blue,Casual,"26, 28, 30, 32, 34/XXXXL",Solid,NA,NA,Denim,Skinny,Light-wash blue skinny jeans with heavy distressing including large rips at knees and thighs.,6650,Images/P673.jpg
P674,Women,Topwear,T-shirt,White,Casual,"XS, S, M, L, XL",Solid,Short Sleeves,Round Neck,Cotton,Oversized,White oversized t-shirt with relaxed fit and side slit detail.,790,Images/P674.jpg
P675,Women,Topwear,Top,Purple,Party,"S, M, L, XL/XXXXL",Solid,Flared Sleeves,Square Neck,Crepe,Contemporary,"Purple solid top with square neckline, metal ring shoulder accent, and flared sleeves.",3460,Images/P675.jpg
P676,Women,Indian Wear,Saree,Red,Party and Wedding,Free Size,Embroidered,Sleeveless,Round Neck,Georgette,Traditional,Red georgette saree with intricate silver embroidered border and scattered sequin embellishments.,1320,Images/P676.jpg
P677,Women,Bottomwear,Trousers,Black,Formal,"XS, S, M, L, XL",Textured,NA,NA,Cotton Blend,Formal,Black and white textured tweed trousers with sleek black side stripe.,4620,Images/P677.jpg
P678,Women,Outerwear,Blazer,Olive Green,Formal,"S, M, L, XL",Solid,Long Sleeves,Open Front,Polyester Blend,Structured,Olive green open-front blazer with clean tailoring and minimalist design.,2930,Images/P678.jpg
P679,Women,Bottomwear,Palazzo Pants,White,Casual,"XS, S, M, L, XL",Solid,NA,NA,Crepe,Contemporary,"High-waisted white palazzo pants with vertical seam detail, wide leg, smooth crepe fabric.",1860,Images/P679.jpg
P680,Women,Ethnic Wear,Kurta,Black,Party and Wedding,Free Size/XXL,Checked,NA,NA,Cotton Blend,Ethnic,Pack of 2 cotton blend dupattas in red with grey checked geometric block print and tassel fringe.,690,Images/P680.jpg
P681,Women,Ethnic Wear,Lehenga Choli Set,Red,Party and Wedding,"S, M, L, XL, XXL",Floral,Short Sleeve,Round Neck,Art Silk,Traditional,"Floral printed art silk lehenga choli set with cream base lehenga, red blouse with gold bow accent.",5160,Images/P681.jpg
P682,Women,Bottomwear,Trouser,Navy Blue,Casual,"S, M, L, XL/XXL",Solid,NA,NA,Cotton,Relaxed,"Navy blue relaxed-fit cotton trousers with elasticated waistband, side pockets, straight leg.",1340,Images/P682.jpg
P683,Women,Topwear,Sweater,Light Blue,Casual,"XS, S, M, L, XL/XXXL",Textured,Full Sleeve,Round Neck,Cotton,Casual,"Light blue chunky ribbed knit cotton sweater with round neck, full balloon sleeves, waffle knit pattern.",990,Images/P683.jpg
P684,Women,Western Wear,Jacket,Grey,Formal,"S, M, L, XL",Plaid,Full Sleeve,Notched Lapel,Polyester Blend,Biker Jacket,Grey and black plaid biker jacket with asymmetric gold zip closure and notched lapel collar.,1690,Images/P684.jpg
P685,Women,Ethnic Wear,Saree,Maroon,Party and Wedding,Free Size/XXXXL,Tie-Dye,Sleeveless,Round Neck,Art Silk,Traditional,Maroon and cream tie-dye art silk saree with gold zari border and pallu.,1550,Images/P685.jpg
P686,Women,Ethnic Wear,Kurta Set,Purple,Party and Wedding,"S, M, L, XL, XXL",Buta,Sleeveless,Square Neck,Art Silk,Anarkali,"Purple art silk Anarkali kurta set with gold buta weave, matching palazzo pants, dupatta with tassels.",5060,Images/P686.jpg
P687,Women,Western Wear,Sweater,Black,Casual,"S, M, L, XL",Solid,Full Sleeve,Round Neck,Polyester Blend,Puffer,"Solid black textured puffer sweater with round neck and ribbed cuffs, subtle shimmer finish.",3350,Images/P687.jpg
P688,Women,Western Wear,Trousers,Green,Casual,"XS, S, M, L, XL",Solid,NA,NA,Linen Blend,Palazzo,Sage green linen blend wide-leg palazzo pants with elastic drawstring waist and front pockets.,2480,Images/P688.jpg
P689,Women,Outerwear,Bomber Jacket,Black and White,Casual,"S, M, L, XL/XXL",Checkered,Full Sleeve,Round Neck,Polyester,Casual,"Black and white checkered print bomber jacket with black ribbed collar, cuffs and hem.",4700,Images/P689.jpg
P690,Women,Bottomwear,Shorts,Beige,Casual,"XS, S, M, L, XL",Solid,NA,NA,Cotton,Casual,"Beige cotton casual shorts with self-fabric tie belt at waist, folded hem detailing.",1760,Images/P690.jpg
P691,Women,Bottomwear,Shorts,Maroon,Casual,"XS, S, M, L, XL",Solid,NA,NA,Cotton,Casual,"Maroon paperbag waist shorts with self-tie belt through metal grommets, relaxed fit.",1170,Images/P691.jpg
P692,Women,Ethnic Wear,Lehenga Choli,Green,Party and Wedding,"S, M, L, XL",Floral,Sleeveless,Round Neck,Net,Traditional,"Green sleeveless crop blouse with floral embroidery, olive green net lehenga skirt with sequins, embroidered dupatta.",1360,Images/P692.jpg
P693,Women,Outerwear,Rain Jacket,Beige,Casual,"S, M, L, XL/XXXL",Solid,Full Sleeve,Hooded,Polyester,Casual,"Beige oversized hooded rain jacket with front zip closure, lightweight waterproof fabric.",870,Images/P693.jpg
P694,Women,Ethnic,Lehenga Choli,Dark Green,Party and Wedding,"S,M,L,XL,XXL",Striped,Half Sleeve,Round Neck,Georgette,Embroidered,"Dark green georgette lehenga choli with sequin and thread embroidery, vertical striped pattern.",6910,Images/P694.jpg
P695,Women,Ethnic,Saree,Red,Party and Wedding,Free Size,Floral,Short Sleeve,Round Neck,Silk,Banarasi,"Red Banarasi silk saree with gold zari border, intricate floral and geometric motifs.",1200,Images/P695.jpg
P696,Women,Western,T-Shirt,Black,Casual,"XS,S,M,L,XL",Solid,Short Sleeve,Round Neck,Cotton,Streetwear,"Black cotton t-shirt with white contrast sleeve trim, paired with grey washed denim jeans.",1210,Images/P696.jpg
P697,Women,Ethnic,Kurta,Grey,Party and Wedding,"S,M,L,XL,XXL",Embroidered,Three-Fourth Sleeve,Mandarin Collar,Cotton,Contemporary Ethnic,"Light grey cotton kurta with white thread embroidery on yoke panel, mandarin collar, flared hem.",3870,Images/P697.jpg
P698,Women,Western,Jacket,Beige,Casual,"XS,S,M,L,XL/XXL",Quilted,Full Sleeve,Shirt Collar,Nylon,Quilted Overlay,"Beige nylon quilted long jacket with white contrast collar and cuffs, snap button front.",1230,Images/P698.jpg
P699,Women,Topwear,Crop Top,White,Casual,"S, M, L, XL",Solid,Spaghetti Strap,Square Neck,Cotton Blend,Casual,"White spaghetti strap crop top with square neckline, cropped length, minimalist design.",3940,Images/P699.jpg
P701,Women,Bottomwear,Palazzo Pants,Green,Casual,"S, M, L, XL",Solid,NA,NA,Rayon,Casual,"Light green wide leg palazzo pants with elasticized waist, flowy lightweight fabric.",860,Images/P701.jpg
P704,Women,Ethnic Wear,Kurta with Palazzo,Blue,Party and Wedding,"S, M, L, XL, XXL",Floral Print,Three-Quarter Sleeves,Round Neck,Cotton,Ethnic Contemporary,Blue and green floral printed kurta paired with navy blue palazzo pants.,1520,Images/P704.jpg
P705,Women,Western Wear,Top,Black,Party,"XS, S, M, L, XL",Solid,Puff Sleeves,Sweetheart Neck,Polyester Blend,Statement Glam,Black bustier-style top with dramatic pink puff sleeves and sweetheart neckline.,1000,Images/P705.jpg
P706,Women,Western Wear,Camisole Top with Skirt Set,Black,Casual,"XS, S, M, L, XL",Floral Print,Sleeveless,Spaghetti Strap,Cotton Blend,Trendy Casual,"Black and white floral printed camisole top with fitted black pencil skirt, lime green shrug.",1730,Images/P706.jpg
P707,Women,Western Wear,Dress,Pink,Party,"XS, S, M, L, XL/XXXXL",Solid,Short Puff Sleeves,V-Neck,Viscose,Elegant Casual,"Pink midi bodycon dress with V-neckline, short puff sleeves, self-tie belt at waist.",1610,Images/P707.jpg
P708,Women,Western Wear,Sweatshirt,Pink,Casual,"XS, S, M, L, XL/XXXL",Graphic Print,Long Sleeves,Round Neck,Cotton Fleece,Casual Streetwear,Light pink crew-neck sweatshirt with black and white Mickey and Minnie Mouse graphic print.,1360,Images/P708.jpg
P709,Women,Ethnic,Lehenga Choli,Pink,Party and Wedding,"S, M, L, XL, XXL",Embroidered,Short Sleeves,Round Neck,Silk,Traditional,"Pink silk blouse with short sleeves, dark green embroidered lehenga skirt with multicoloured border.",2650,Images/P709.jpg
P710,Women,Ethnic,Kurta,Green,Party and Wedding,"S, M, L, XL, XXL",Floral,Three-Quarter Sleeves,Round Neck,Cotton,Contemporary,"Light mint green cotton kurta with white floral embroidery, round neck, paired with pink trousers.",3550,Images/P710.jpg
P711,Women,Western,Top,White,Casual,"XS, S, M, L, XL",Floral,Sleeveless,Round Neck,Rayon,Peplum,"White sleeveless peplum top with colourful floral print, decorative border, front button placket.",1750,Images/P711.jpg
P712,Women,Western,Skirt,Blue,Formal,"XS, S, M, L, XL",Geometric,NA,NA,Crepe,Pencil,"turquoise blue geometric pattern pencil skirt with front side slit, midi length.",960,Images/P712.jpg
P713,Women,Western,Dress,Cream,Party,"XS, S, M, L, XL/XXXXL",Geometric,Long Sleeves,V-Neck,Rayon,Cutout,"Cream coloured romper dress with blue geometric lattice pattern, long balloon sleeves, waist cutout details.",6230,Images/P713.jpg
P715,Women,Western Wear,Sweatshirt,Cream,Casual,"S, M, L, XL/XXXXL",Solid,Full Sleeve,Half Zip Collar,Cotton Blend,Streetwear,"Cream half-zip sweatshirt with kangaroo pocket, FEARLESS LIMITLESS tape detailing.",1000,Images/P715.jpg
P716,Women,Western Wear,Denim Jacket,Black,Casual,"XS, S, M, L, XL",Solid,Full Sleeve,Collar,Denim,Casual,"Black denim jacket with metal stud embellishments on shoulders, faded bleach effect patches.",3350,Images/P716.jpg
P717,Women,Ethnic Wear,Saree,Green,Party and Wedding,Free Size,Solid,NA,NA,Cotton,Traditional,"Solid green cotton saree with pink border, pink striped pallu, decorative tassel hangings.",880,Images/P717.jpg
P718,Women,Western Wear,Shirt,Light Blue,Formal,"S, M, L, XL, XXL",Solid,Short Flutter Sleeve,Collar,Chambray,Relaxed Fit,"Oversized light blue chambray shirt with wide flutter sleeves, front button closure.",600,Images/P718.jpg
P719,Women,Ethnic Wear,Saree,Orange,Party and Wedding,Free Size,Plain,Cap Sleeves,Round Neck,Georgette,Traditional,"Orange georgette saree with maroon blouse featuring gold embroidery, pearl-bead border.",1880,Images/P719.jpg
P720,Women,Western Wear,Jumpsuit,Black,Casual,"S, M, L, XL/XXXL",Striped,Sleeveless,Strapless,Cotton Blend,Streetwear,"Black strapless jumpsuit with white side stripe, drawstring waist, jogger-style ankles.",4440,Images/P720.jpg
P722,Women,Western Wear,Jacket,Blue,Casual,"XS, S, M, L, XL",Solid,Full Sleeves,Collar Neck,Denim,Casual,"Light-wash acid denim jacket with sherpa fleece lining, button-front, chest flap pockets.",1480,Images/P722.jpg
P723,Women,Ethnic Wear,Saree,Mauve,Party and Wedding,Free Size,Floral Embroidered,Sleeveless,Square Neck,Georgette,Contemporary ethnic,"Dusty mauve georgette saree with matching sleeveless blouse, delicate floral embroidery.",1180,Images/P723.jpg
P724,Women,Ethnic,Lehenga Choli Set,Pista Green,Party and Wedding,"S, M, L, XL",Embroidered,Short Sleeve,Round Neck,Net,Traditional,Pista green lehenga choli set with mirror work and thread embroidery.,6930,Images/P724.jpg
P725,Women,Ethnic,Kurta Set,Red,Party and Wedding,"S, M, L, XL/XXXXL",Floral Print,Bell Sleeve,Split Neck,Cotton,Indo-Western,"Red floral print cotton kurta with bell sleeves, printed palazzo pants, contrasting dupatta.",4360,Images/P725.jpg
P726,Women,Western,Hoodie,Maroon,Casual,"XS, S, M, L, XL/XXXXL",Solid,Long Sleeve,Hooded,Cotton Blend,Streetwear,Maroon cropped hoodie with white drawstrings and ribbed hem.,2110,Images/P726.jpg
P727,Women,Western,Sweater,Blue,Casual,"S, M, L, XL/XXXXL",Textured,Long Sleeve,Round Neck,Acrylic,Contemporary,Blue eyelash knit textured sweater with soft fuzzy finish and round neckline.,3590,Images/P727.jpg
P728,Women,Ethnic,Lehenga Choli Set,Yellow,Party and Wedding,"S, M, L, XL",Embroidered,Short Sleeve,Round Neck,Silk Blend,Traditional,"Yellow silk blend lehenga with detailed floral embroidery, coral pink dupatta.",5990,Images/P728.jpg
P729,Women,Western Wear,Jacket,Black,Casual,"S, M, L, XL",Floral,Three-Quarter Sleeve,Open Front,Lace,Contemporary,Black lace open-front jacket with intricate floral lace pattern.,6900,Images/P729.jpg
P730,Women,Ethnic Wear,Poncho,Red,Casual,One Size/XXL,Geometric,Poncho Style,Hooded,Wool Blend,Bohemian,"Red and black hooded poncho with geometric patterns, button closure, fringed tassels.",3280,Images/P730.jpg
P731,Women,Western Wear,Palazzo Pants,Red,Casual,"XS, S, M, L, XL",Floral,N/A,N/A,Viscose,Contemporary,Red wide-leg palazzo pants with vibrant yellow and blue floral print.,1250,Images/P731.jpg
P732,Women,Western Wear,Jogger Pants,Blue,Casual,"S, M, L, XL, XXL",Solid,N/A,N/A,Denim,Athleisure,"Blue denim jogger pants with elasticated waistband, drawstring, cargo pocket, cuffed ankles.",900,Images/P732.jpg
P733,Women,Ethnic Wear,Lehenga Choli Set,Green,Party and Wedding,"XS, S, M, L, XL/XXXXL",Embellished,Full Sleeve,Round Neck,Net and Sequins,Contemporary ethnic,Green sequined crop top with layered ruffled net lehenga skirt.,4320,Images/P733.jpg
P734,Women,Ethnic Wear,Kurta Set,Maroon,Party and Wedding,"S, M, L, XL, XXL",Printed,Three-Quarter,Round,Cotton,Traditional,"Maroon cotton kurta with printed dupatta featuring floral and geometric patterns, yellow pants.",3400,Images/P734.jpg
P735,Women,Ethnic Wear,Lehenga Set,Black,Party and Wedding,"S, M, L, XL/XXXL",Embroidered,Three-Quarter,Round,Georgette,Traditional,Black georgette lehenga choli with intricate silver and gold floral embroidery.,2910,Images/P735.jpg
P736,Women,Ethnic Wear,Kurta Set,White,Party and Wedding,"S, M, L, XL, XXL",Polka Dot,Three-Quarter,Keyhole,Cotton and Silk,Traditional,"White cotton kurta with polka dots, keyhole neckline, orange Banarasi silk dupatta.",3420,Images/P736.jpg
P738,Women,Accessories,Shawl,Beige,Party,Free Size,Solid with Embroidered Border,N/A,N/A,Wool,Traditional Indian,Beige wool shawl with rust-red embroidered paisley border.,1630,Images/P738.jpg
P739,Women,Ethnic Wear,Kurti,Green,Casual,"S, M, L, XL, XXL",Floral,Three-quarter,Round,Cotton,Straight,"Teal green cotton kurta with gold floral tree motifs, round neck, white pants.",1900,Images/P739.jpg
P740,Women,Ethnic Wear,Suit Set,Grey,Party,"S, M, L, XL, XXL",Embroidered,Three-quarter,Round,Silk Blend,Straight,"Grey silk blend kurta with multicoloured embroidered yoke, yellow pants, matching yellow dupatta.",2670,Images/P740.jpg
P741,Women,Western Wear,Jeans,Blue,Casual,"26, 28, 30, 32, 34",Solid,NA,NA,Denim,Slim Fit,"Dark blue denim jeans with mid-rise waist, classic five-pocket styling, slim tapered fit.",4770,Images/P741.jpg
P742,Women,Ethnic Wear,Kurti,Red,Party,"S, M, L, XL, XXL",Woven,Three-quarter,Square,Art Silk,A-Line,"Red art silk kurta with gold and cream woven jacquard motifs, square neckline.",2510,Images/P742.jpg
P743,Women,Western Wear,Jumpsuit,Pink,Casual,"XS, S, M, L, XL/XXL",Floral,Sleeveless,Square,Viscose,Wide Leg,"Dusty pink viscose jumpsuit with all-over floral print, spaghetti straps, wide-leg silhouette.",3740,Images/P743.jpg
P744,Women,Tops,Crop Top,White,Casual,"XS, S, M, L, XL/XXL",Embroidered,Sleeveless,Round Neck,Cotton,Bohemian,White sleeveless cropped top with turquoise and gold ethnic embroidery.,5440,Images/P744.jpg
P745,Women,Bottomwear,Jeans,Navy Blue,Casual,"26, 28, 30, 32, 34",Solid,NA,NA,Denim,Slim Fit,"Dark navy blue skinny fit jeans with classic five-pocket styling, stretch denim.",1730,Images/P745.jpg
P746,Women,Western Wear,Romper,Multicolour,Casual,"XS, S, M, L, XL",Striped,Short Sleeves,V-Neck,Polyester,Contemporary,"Multicoloured striped romper with bold red, navy blue, light blue, white vertical stripes.",1210,Images/P746.jpg
P747,Women,Western Wear,Blazer,Black,Formal,"XS, S, M, L, XL",Solid,Long Sleeves,Notch Lapel,Polyester Blend,Power Dressing,Structured oversized black blazer with notch lapels and single-button closure.,790,Images/P747.jpg
P748,Women,Bottomwear,Palazzos,Blue,Casual,"S, M, L, XL, XXL",Geometric,NA,NA,Cotton,Bohemian,"Blue and white geometric printed palazzo pants, tribal-inspired pattern, elasticated waistband.",3000,Images/P748.jpg
P749,Women,Bottomwear,Palazzo Pants,Blue,Casual,"S, M, L, XL",Solid,N/A,N/A,Rayon,Relaxed Fit,Solid blue wide-leg palazzo pants with elasticated smocked waistband and side pockets.,3940,Images/P749.jpg
P750,Women,Ethnic Wear,Kurta ,Red,Party and Wedding,"S, M, L, XL, XXL",Embroidered,Three-Quarter Sleeve,Round Neck,Cotton Blend,Anarkali,"Red Anarkali kurta set with embroidered yoke, matching pants, floral printed sheer dupatta.",1010,Images/P750.jpg
P751,Women,Ethnic Wear,Pre-Draped Saree,Lavender,Party and Wedding,"S, M, L, XL/XXXL",Textured,Sleeveless,Round Neck,Georgette,Indo-Western,"Lavender pre-draped saree with ruffled and pleated detailing, sequin-embellished blouse.",1650,Images/P751.jpg
P752,Women,Western Wear,Co-ord Set,Lavender,Casual,"XS, S, M, L, XL/XXXXL",Textured,Short Sleeve,V-Neck,Cotton Jersey,Streetwear,"Lavender two-piece co-ord set with cropped V-neck tee, matching drawstring mini skirt.",1470,Images/P752.jpg
P753,Women,Ethnic Wear,Lehenga Choli Set,Pink,Party and Wedding,"S, M, L, XL",Embroidered,Short Sleeve,V-Neck,Net,Traditional,Pink lehenga choli set with silver leaf-pattern sequin embroidery on net fabric.,7670,Images/P753.jpg
P754,Women,Ethnic,Lehenga Choli,Pink,Party and Wedding,"S, M, L, XL",Embroidered,Short Sleeve,Round Neck,Silk,Traditional,"Pink silk lehenga choli with intricate silver thread embroidery, matching net dupatta.",550,Images/P754.jpg
P755,Women,Ethnic,Lehenga Choli,Pink,Party and Wedding,"S, M, L, XL",Embroidered,Sleeveless,Round Neck,Georgette,Indo Western,"Pink georgette lehenga choli with multicolor embroidered sleeveless blouse, tiered ruffle skirt.",880,Images/P755.jpg
P756,Women,Ethnic,Saree,Silver Grey,Party and Wedding,Free Size/XXXL,Floral Print,Short Sleeve,V Neck,Satin,Contemporary,"Silver grey satin saree with muted floral print, contrasting black short-sleeve blouse.",960,Images/P756.jpg
P758,Women,Ethnic,Kurti,Black,Casual,"S, M, L, XL",Geometric Print,Long Sleeve,V Neck,Cotton,Indo Western,"Black cotton kurti with white geometric tribal-inspired print, wrap-style V-neck.",1470,Images/P758.jpg
P759,Women,Ethnic Wear,Lehenga Choli Set,Mint Green,Party and Wedding,"S, M, L, XL, XXL",Floral Embroidery with Sequins,Three-Quarter Sleeves,Sweetheart Neck,Net and Georgette,Traditional,"Mint green lehenga choli with white floral embroidery and sequin embellishments, ruffled net dupatta.",620,Images/P759.jpg
P760,Women,Ethnic Wear,Lehenga Choli Set,Orange,Party and Wedding,"S, M, L, XL/XXXXL",Floral Weave with Zari Border,Short Sleeves,Round Neck,Art Silk,Traditional,"Vibrant orange art silk lehenga set with floral weaving, zari border, pink polka dot dupatta, potli bag.",2480,Images/P760.jpg
P761,Women,Western Wear,Blouse,White and Blue,Formal,"XS, S, M, L, XL/XXL",Floral Print,Full Sleeves,High Neck/Mock Neck,Chiffon,Feminine Chic,"Elegant white chiffon blouse with delicate blue floral print, gathered high neck.",4510,Images/P761.jpg
P762,Women,Western Wear,Sweater,Mustard Yellow,Casual,"XS, S, M, L, XL",Ribbed Knit,Full Sleeves,Half-Zip Mock Neck,Cotton Blend,Casual Streetwear,"Mustard yellow ribbed knit sweater with half-zip mock neck, waffle knit pattern.",7980,Images/P762.jpg
P763,Women,Western Wear,Kimono/Shrug,Multi-Color,Casual,Free Size,Geometric/Tribal Print,Three-Quarter Sleeves,Open Front,Rayon,Bohemian,"Multi-color kimono shrug with bold geometric tribal print, open-front, tassel details.",4090,Images/P763.jpg
P764,Women,Ethnic Wear,Saree,Maroon,Party and Wedding,Free Size,Embroidered,Elbow Length,Round,Art Silk,Traditional,Maroon art silk saree with intricate silver-gold zari embroidery and paisley motifs.,1700,Images/P764.jpg
P765,Women,Top,Tunic Top,Sea Green,Casual,"S, M, L, XL, XXL",Floral Embroidered,Three-Quarter Bell,Round,Cotton,Boho,Sea green cotton tunic top with pink and green floral embroidery.,1750,Images/P765.jpg
P766,Women,Ethnic Wear,Kurrta,Red,Casual,Free Size/XXXXL,Floral Printed,NA,NA,Cotton,Traditional,"Red cotton dupatta with black floral block print, tassel fringe edges.",930,Images/P766.jpg
P767,Women,Top,T-Shirt,Teal,Formal,"S, M, L, XL",Solid,Short Sleeve,Round,Cotton,Casual,Teal solid cotton top with short raglan sleeves and delicate lace trim.,580,Images/P767.jpg
P768,Women,Top,Peplum Top,Red,Formal,"S, M, L, XL",Embroidered,Three-Quarter Bell,Mandarin,Cotton,Boho,"Red cotton peplum top with black embroidered polka dots, flared waist.",2870,Images/P768.jpg
P769,Women,Bottomwear,Pants,Grey,Casual,"S, M, L, XL/XXXL",Solid,Sleeveless,N/A,Rayon,Flared,Grey flared pants with elastic waistband and slit detail.,1400,Images/P769.jpg
P770,Women,Ethnic Wear,Kurti,Pink,Casual,"S, M, L, XL, XXL",Embellished,Three Quarter,Round,Cotton,Straight,Pink cotton kurti with intricate mirror work embroidery on the yoke.,3540,Images/P770.jpg
P771,Women,Western Wear,Top,Blue,Formal,"XS, S, M, L, XL",Floral,Sleeveless,High Neck,Crepe,A-Line,"Blue sleeveless top with all-over pink floral print, ruffled high neck.",1170,Images/P771.jpg
P772,Women,Ethnic Wear,Kurta Set,Beige,Party and Wedding,"S, M, L, XL/XXL",Woven,Three Quarter,Keyhole,Art Silk,Straight,"Beige art silk kurta with golden woven motifs, black dupatta with golden zari border.",1340,Images/P772.jpg
P775,Women,Topwear,Crop Top,White,Casual,"XS, S, M, L, XL",Solid,Long Sleeves,Sweetheart,Cotton Blend,Western,"White crop top with long puffed sleeves, sweetheart neckline.",830,Images/P775.jpg
P776,Women,Bottomwear,Skirt,Navy Blue,Casual,"S, M, L, XL",Solid,NA,NA,Chiffon,Western,"Navy blue tiered midi skirt with front slit, lightweight chiffon.",5120,Images/P776.jpg
P777,Women,Ethnic Wear,Kurta Set,Yellow,Party and Wedding,"S, M, L, XL, XXL",Floral Print,Three-Quarter Sleeves,Round Neck,Cotton,Ethnic,"Yellow cotton kurta set with white floral embroidery, matching pants, cream dupatta.",4010,Images/P777.jpg
P778,Women,Ethnic Wear,Kurti,White,Casual,"S, M, L, XL, XXL",Chikankari Embroidery,Three-Quarter Sleeves,Keyhole Neck,Cotton,Ethnic,"White chikankari kurti with intricate thread embroidery, keyhole neckline.",1120,Images/P778.jpg
P779,Women,Topwear,Sweater,Green,Casual,"S, M, L, XL",Floral Embroidered,Full Sleeve,Round Neck,Wool Blend,Casual,Olive green cable-knit sweater with colorful floral embroidery on the front.,6900,Images/P779.jpg
P780,Women,Ethnic Wear,Kurta,Grey,Party and Wedding,"S, M, L, XL/XXL",Sequined Stripes,Full Sleeve,Round Neck,Georgette,Party Wear,"Grey salwar kameez set with vertical sequin-embellished stripes, flared palazzo pants.",3080,Images/P780.jpg
P781,Women,Ethnic Wear,Dupatta,Maroon,Festive,Free Size,Embroidered,NA,NA,Chiffon,Ethnic,Maroon chiffon dupatta with gold leaf-shaped embroidery motifs.,710,Images/P781.jpg
P783,Women,Bottomwear,Trousers,Red,Casual,"XS, S, M, L, XL/XXXXL",Solid,NA,NA,Cotton,Casual,"Red straight-fit cotton trousers with flat front, tapered ankle-length hem.",650,Images/P783.jpg
P784,Women,Tops,Sweater,Peach,Casual,"XS, S, M, L, XL/XXXL",Solid,Full Sleeves,Round Neck,Wool Blend,Oversized,Peach-colored ribbed knit crew neck sweater with oversized relaxed fit.,1260,Images/P784.jpg
P785,Women,Ethnic Wear,Kurta,Pink,Party and Wedding,"S, M, L, XL, XXL",Embroidered,Three-Quarter Sleeves,Round Neck with Keyhole,Cotton,A-Line,Pink cotton kurta with white chikankari embroidery on yoke and hem.,2930,Images/P785.jpg
P786,Women,Bottomwear,Shorts,Black,Casual,"XS, S, M, L, XL/XXXL",Solid,NA,NA,Denim,High-Rise,"Black high-waisted denim shorts with double-button closure, rolled cuffs.",6020,Images/P786.jpg
P787,Women,Bottomwear,Pants,White,Casual,"XS, S, M, L, XL/XXXXL",Solid,NA,NA,Cotton,Wide-Leg,"White cotton palazzo pants with elastic drawstring waist, embroidered lace trim.",1430,Images/P787.jpg
P788,Women,Bottomwear,Pants,Black,Casual,"XS, S, M, L, XL/XXXL",Solid,NA,NA,Viscose,Wide-Leg,"Black wide-leg palazzo pants with elastic waistband, flowy silhouette.",3220,Images/P788.jpg
P789,Women,Topwear,Blouse,White,Casual,"S,M,L,XL/XXL",Solid,Elbow Sleeve,Round Neck,Cotton Blend,Contemporary,"White blouse with front bow tie detail, puff elbow sleeves.",6660,Images/P789.jpg
P790,Women,Ethnic Wear,Kurta,Mint Green,Party and Wedding,"S,M,L,XL,XXL",Embroidered,Three-Quarter Sleeve,Round Neck,Cotton,Traditional,Mint green cotton kurta with embroidered circular floral motifs.,1050,Images/P790.jpg
P791,Women,Ethnic Wear,Kurta,Yellow,Party and Wedding,Free Size,Printed,N/A,N/A,Cotton,Bohemian,Yellow cotton dupatta with multicolor zigzag and geometric prints.,610,Images/P791.jpg
P792,Women,Outerwear,Jacket,Blue,Casual,"S,M,L,XL",Solid,Full Sleeve,Collar Neck,Denim,Western,"Blue washed denim jacket with button-down front, pearl and metallic bead embellishments.",1440,Images/P792.jpg
P793,Women,Ethnic Wear,Kurta Set,Yellow,Party and Wedding,"S,M,L,XL,XXL",Printed,Three-Quarter Sleeve,Keyhole Neck,Cotton,Traditional,"Yellow and white cotton anarkali kurta set with floral block print, sharara pants.",1640,Images/P793.jpg
P794,Women,Clothing,Shrug,Navy Blue,Casual,"S, M, L, XL, XXL",Floral Print,3/4 Sleeve,V-Neck,Georgette,Open Front Kimono,"Navy blue printed shrug with floral patterns, open front design.",500,Images/P794.jpg
P795,Women,Clothing,Skirt,Dark Green,Casual,"S, M, L, XL, XXL",Solid,Sleeveless,N/A,Rayon,Maxi Skirt,"Dark green maxi skirt with elastic waistband, full-length flowing design.",1690,Images/P795.jpg
P796,Women,Clothing,Jacket,Grey,Casual,"S, M, L, XL, XXL",Houndstooth,Long Sleeve,Round Neck,Knit,Open Front Jacket,Grey and beige houndstooth pattern jacket with open front design.,1670,Images/P796.jpg
P797,Women,Clothing,Shrug,Red,Party,"S, M, L, XL, XXL",Lace,3/4 Sleeve,V-Neck,Lace,Open Front Shrug,"Red lace shrug with sequin embellishments, open front design.",1710,Images/P797.jpg
P798,Women,Clothing,Top,Red,Casual,"S, M, L, XL, XXL",Floral Print,Sleeveless,V-Neck,Cotton,Peplum Top,Red floral printed sleeveless peplum top with V-neckline.,890,Images/P798.jpg
P799,Women,Bottomwear,Palazzo Pants,White,Casual,"S, M, L, XL, XXL",Eyelet Embroidery,N/A,N/A,Cotton,Ethnic Fusion,"White cotton palazzo pants with chikankari eyelet embroidery, scalloped hem.",1390,Images/P799.jpg
P800,Women,Western Wear,Jumpsuit,Maroon,Party,"XS, S, M, L, XL",Solid,Three-Fourth Puff Sleeves,Boat Neck,Crepe,Contemporary,"Maroon crepe jumpsuit with boat neck, puff sleeves, self-tie belt.",1040,Images/P800.jpg
P801,Women,Bottomwear,Skirt,Peach,Casual,"XS, S, M, L, XL",Solid,N/A,N/A,Cotton Blend,Contemporary,Peach wrap-style mini skirt with self-tie bow waistband.,930,Images/P801.jpg
P802,Women,Bottomwear,Palazzo Pants,Blue,Casual,"S, M, L, XL, XXL",Abstract Print,N/A,N/A,Viscose,Contemporary,High-waisted palazzo pants in blue and white abstract wavy print.,1050,Images/P802.jpg
P803,Women,Ethnic Wear,Lehenga Choli Set,Multi,Party and Wedding,"S, M, L, XL, XXL",Geometric Print,Three-Fourth Sleeves,Round Neck,Art Silk,Traditional,"Printed lehenga choli set with orange blouse, multicoloured geometric print skirt.",3850,Images/P803.jpg
P804,Women,Ethnic Wear,Sharara Set,Teal Blue,Party,"S, M, L, XL, XXL",Gold Foil Print,Sleeveless,Round Neck,Georgette,Traditional,"Teal blue sleeveless kurta with gold foil print, flared sharara pants, matching dupatta.",5470,Images/P804.jpg
P805,Women,Ethnic Wear,Salwar Suit Set,Grey,Party,"S, M, L, XL, XXL",Floral Embroidery,Three-Quarter,V-Neck,Silk,Elegant,"Grey silk kurta with teal and rust floral embroidery, matching pants and dupatta.",2250,Images/P805.jpg
P806,Women,Ethnic Wear,Saree,Teal Green,Party and Wedding,Free Size/XXL,Striped,Three-Quarter,Round Neck,Cotton,Traditional,"Teal green cotton saree with multicolored vertical stripes, red tassel pallu.",1460,Images/P806.jpg
P807,Women,Western Wear,Peplum Top,Lime Green,Casual,"XS, S, M, L, XL",Floral Block Print,Half Sleeve,Mandarin Collar,Cotton,Bohemian,"Lime green cotton peplum top with mandarin collar, blue and white floral block print.",810,Images/P807.jpg
P808,Women,Ethnic Wear,Kurta,Grey,Party and Wedding,Free Size/XXXL,Floral Hand Block Print,N/A,N/A,Cotton,Bohemian,"Grey cotton Kurta with pink and red floral hand block print, Rajasthani style.",1390,Images/P808.jpg
P809,Women,Western Wear,Blazer,Mint Green,Formal,"XS, S, M, L, XL",Solid,Full Sleeve,Notch Lapel,Polyester Blend,Slim Fit,"Mint green single-button blazer with notched lapels, sleek office-ready look.",890,Images/P809.jpg
P810,Women,Ethnic Wear,Saree,Teal Blue,Party and Wedding,Free Size/XXXXL,Buta,Sleeveless,Round Neck,Banarasi Silk,Traditional,"Teal blue Banarasi silk saree with gold zari circular buta motifs, red-gold border.",580,Images/P810.jpg
P811,Women,Ethnic Wear,Kurta,Red,Party and Wedding,Free Size,Floral Embroidered,NA,NA,Organza,Embroidered,Sheer red organza Kurta with delicate floral embroidery and scalloped border.,1850,Images/P811.jpg
P813,Women,Ethnic Wear,Saree,Navy Blue,Party and Wedding,Free Size/XXL,Floral Embroidered,NA,NA,Chiffon,Embellished,Navy blue chiffon saree with tonal floral thread embroidery on pallu and border.,860,Images/P813.jpg
P814,Women,Ethnic,Saree,Red,Party and Wedding,Free Size,Solid,Sleeveless,V-Neck,Georgette,Contemporary,"Elegant solid red georgette saree with sleeveless blouse, V-neckline.",1540,Images/P814.jpg
P815,Women,Western,Shrug,Rust,Casual,"S, M, L, XL",Solid,Full Sleeve,Shirt Collar,Polyester,Contemporary,Long rust-colored open-front shrug with shirt collar and full sleeves.,3700,Images/P815.jpg
P816,Women,Ethnic,Saree,Yellow,Party and Wedding,Free Size/XXL,Bandhani,Short Sleeve,Round Neck,Art Silk,Traditional,Vibrant yellow bandhani print saree with green striped border and pallu.,1220,Images/P816.jpg
P817,Women,Western,Skirt,White,Casual,"XS, S, M, L, XL/XXXL",Self Design,NA,NA,Cotton,Bohemian,"White cotton midi skirt with raised self-design dots, tiered ruffle hem.",2690,Images/P817.jpg
P818,Women,Ethnic,Palazzo,Black,Casual,"S, M, L, XL, XXL",Solid,NA,NA,Cotton,Casual,Solid black cotton palazzos with elasticated waistband and side pockets.,3090,Images/P818.jpg
P819,Women,Ethnic Wear,Lehenga Choli Set,Mint Green,Party and Wedding,"S, M, L, XL",Embroidered with Mirror Work,Short Sleeves,Square Neck,Georgette,Traditional,"Mint green lehenga choli with mirror work detailing, ornate border work.",1550,Images/P819.jpg
P820,Women,Ethnic Wear,Kurti,Dark Green,Casual,"S, M, L, XL, XXL",Floral Printed,Three-Quarter Sleeves,Round Neck,Cotton,A-Line,"Dark green cotton kurti with vibrant red and cream floral print, gathered empire waist.",6880,Images/P820.jpg
P821,Men,Bottomwear,Trousers,Black,Casual,"28, 30, 32, 34, 36, 38/XXXXL",Glitter,N/A,N/A,Polyester Blend,Wide Leg,"Black wide-leg trousers with subtle glitter finish, elasticated waistband.",1100,Images/P821.jpg
P822,Women,Ethnic Wear,Kurti,White,Casual,"S, M, L, XL",Floral Printed,Three-Quarter Sleeves,V-Neck,Cotton,Peplum,"White cotton kurti with red and blue floral block print, empire waist, peplum hem.",1500,Images/P822.jpg
P823,Women,Ethnic Wear,Saree,Teal Green,Party and Wedding,Free Size,Solid with Zari Border,Cap Sleeves,V-Neck,Silk,Traditional Woven,"Teal green silk saree with pink and gold zari border, traditional woven motifs.",2740,Images/P823.jpg
P824,Women,Bottomwear,Joggers,Black,Casual,"XS, S, M, L, XL/XXXL",Solid,NA,NA,Cotton Blend,Athleisure,"Black jogger pants with elasticated drawstring waist, side pockets, ribbed ankle cuffs.",4530,Images/P824.jpg
P825,Women,Ethnic Wear,Vest Jacket,Navy Blue,Party,"S, M, L, XL/XXL",Embroidered,Sleeveless,V-Neck,Velvet,Indo-Western,Navy blue velvet sleeveless vest jacket with gold zari embroidery.,1060,Images/P825.jpg
P826,Women,Ethnic Wear,Kurta,Pink,Party and Wedding,"XS, S, M, L, XL",Chikankari,Three-Quarter,Keyhole,Georgette,Ethnic,"Pink chikankari embroidered kurta with keyhole neckline, paired with white palazzos.",1650,Images/P826.jpg
P827,Women,Bottomwear,Jeans,Blue,Casual,"26, 28, 30, 32, 34",Solid,NA,NA,Denim,Western,"Light blue washed denim flared jeans with distressed details, high-rise waist.",3490,Images/P827.jpg
P828,Women,Topwear,Sweater,Dusty Pink,Casual,"XS, S, M, L, XL/XXXXL",Solid,Full Sleeve,Crew Neck,Cotton Blend,Western,"Dusty pink crew neck sweater with full sleeves, ribbed hem and cuffs.",6770,Images/P828.jpg
P829,Women,Bottomwear,Skirt,Black,Casual,"S, M, L, XL/XXL",Solid,NA,NA,Polyester Blend,Contemporary,Black wrap-style mini skirt with asymmetric front overlay and metallic button details.,1660,Images/P829.jpg
P830,Women,Ethnic Wear,Saree,Yellow,Party and Wedding,Free Size/XXXL,Striped,NA,NA,Silk Blend,Traditional,Mustard yellow silk saree with purple striped patterns and zari border detailing.,720,Images/P830.jpg
P831,Women,Ethnic Wear,Lehenga Choli,Black,Party and Wedding,"S, M, L, XL/XXXL",Floral,Short,Round,Net,Contemporary Ethnic,Black net lehenga choli with intricate floral embroidery and sequin embellishments.,4470,Images/P831.jpg
P832,Women,Outerwear,Jacket,Black,Casual,"XS, S, M, L, XL",Quilted,Full,Stand,Nylon,Casual,Black lightweight quilted puffer jacket with full front zipper and stand collar.,1280,Images/P832.jpg
P833,Women,Ethnic Wear,Kurta,Pink,Party and Wedding,"S, M, L, XL",Solid,Three-Quarter,Round,Cotton Blend,Contemporary Ethnic,Pink cotton kurta with silver threadwork embroidery on yoke and sleeve cuffs.,1360,Images/P833.jpg
P834,Women,Bottomwear,Shorts,Sage Green,Casual,"XS, S, M, L, XL",Solid,N/A,N/A,Cotton Blend,Relaxed Fit,Women casual drawstring shorts in sage green with relaxed fit.,1650,Images/P834.jpg
P835,Women,Western Wear,Romper,Orange-Yellow Gradient,Party,"XS, S, M, L, XL/XXXXL",Gradient,Short Sleeves,Lapel Collar,Satin,Trendy,Women satin romper with orange-yellow gradient and lapel collar.,1500,Images/P835.jpg
P836,Women,Ethnic Wear,Kurta,Maroon,Party and Wedding,"S, M, L, XL/XXXXL",Embroidered,Three-Quarter Sheer,Round Neck,Georgette,Ethnic,Women maroon embroidered kurta with sheer sleeves.,580,Images/P836.jpg
P837,Women,Outerwear,Jacket,Brown,Casual,"XS, S, M, L, XL",Solid,Long Sleeves,Notched Lapel,Faux Suede,Biker,Women brown faux suede biker jacket with silver hardware.,1770,Images/P837.jpg
P838,Women,Ethnic Wear,Saree,Orange,Party and Wedding,Free Size,Embroidered,Short Sleeves,Round Neck,Net,Traditional,Women orange net saree with gold border and sequin work.,950,Images/P838.jpg
P839,Women,Western Wear,Jacket,Grey,Casual,"XS, S, M, L, XL",Solid,Full Sleeve,Hooded,Cotton Blend,Casual,"Grey hooded jacket with white full sleeves, button-front closure, drawstring hood.",1900,Images/P839.jpg
P841,Women,Indian Wear,Saree,Pink,Party and Wedding,Free Size,Polka Dots,N/A,N/A,Cotton,Contemporary,"Magenta pink cotton saree with bold black polka dots, tassel detailing.",1870,Images/P841.jpg
P842,Women,Western Wear,Hoodie,Black,Casual,"XS, S, M, L, XL",Color Block,Full Sleeve,Hooded,Cotton Blend,Streetwear,"Black cropped hoodie with pink color-block panels, drawstrings, elastic hem.",1350,Images/P842.jpg
P844,Women,Topwear,Sweatshirt,Mustard Yellow,Casual,"XS, S, M, L, XL/XXL",Solid,Long Sleeves,Round Neck,Cotton Blend,Regular Fit,"Solid mustard yellow sweatshirt with ribbed round neckline, long sleeves.",5140,Images/P844.jpg
P846,Women,Bottomwear,Skirt,Olive Green,Formal,"XS, S, M, L, XL",Solid,N/A,N/A,Satin,A-Line,Olive green satin pleated midi skirt with elastic waistband.,1440,Images/P846.jpg
P848,Women,Topwear,Hoodie,White,Casual,"S, M, L, XL, XXL",Printed,Long Sleeves,Hooded,Cotton Fleece,Oversized Fit,"White oversized hoodie with Women in Space graphic, drawstring hood.",1330,Images/P848.jpg
P849,Women,Western Wear,Jumpsuit,Blue,Casual,"S, M, L, XL, XXL",Printed,Sleeveless,Scoop Neck,Rayon,Bohemian,Blue printed sleeveless jumpsuit with paisley and floral patterns.,3050,Images/P849.jpg
P850,Women,Ethnic Wear,Saree,Beige,Party and Wedding,Free Size,Woven,Three-Quarter Sleeve,Round Neck,Cotton,Traditional,Beige cotton saree with vibrant pink border and kolam/rangoli motifs.,1050,Images/P850.jpg
P851,Women,Ethnic Wear,Saree,Purple,Party and Wedding,Free Size,Woven,Short Sleeve,Round Neck,Silk,Banarasi,Rich purple Banarasi silk saree with gold zari buttas and ornate border.,6550,Images/P851.jpg
P852,Women,Ethnic Wear,Kurta Set,Grey,Party and Wedding,"S, M, L, XL, XXL",Floral Print,Three-Quarter Sleeve,Round Neck,Cotton,Indo-Western,"Grey cotton anarkali kurta set with pink and teal floral prints, striped dupatta.",510,Images/P852.jpg
P853,Women,Ethnic Wear,Saree,Orange,Party and Wedding,Free Size/XXL,Self-Design,Sleeveless,Sleeveless,Silk,Kanjivaram,Lustrous orange Kanjivaram silk saree with green border and gold zari.,1600,Images/P853.jpg
P854,Women,Ethnic Wear,Kurti,Beige,Casual,"S, M, L, XL, XXL",Floral,Half Sleeve,Round Neck,Cotton Blend,Hi-Low Hem,"Beige kurta with floral embroidery, hi-low asymmetric hemline.",5770,Images/P854.jpg
P855,Women,Ethnic Wear,Kurti,Coral,Casual,"S, M, L, XL, XXL",Solid,Elbow Length Sleeve,Round Neck,Cotton,Straight Fit,Coral pink cotton kurta with pintuck detailing on the yoke.,7670,Images/P855.jpg
P856,Women,Western Wear,Co-ord Set,Olive Green,Party,"XS, S, M, L, XL/XXL",Textured,Sleeveless,Halter Neck,Viscose Blend,Bodycon,Olive green halter neck crop top and matching midi pencil skirt co-ord set.,910,Images/P856.jpg
P857,Women,Ethnic Wear,Shawl,Black,Ethnic,Free Size/XXXXL,Block Print,N/A,N/A,Wool Blend,Traditional,Black and rust red block-printed shawl with Ajrakh-style motifs.,2630,Images/P857.jpg
P859,Women,Western Wear,Top,Black,Casual,"S, M, L, XL",Solid,Sleeveless,Scoop Neck,Cotton Blend,Ribbed Button-Front,"Black ribbed sleeveless top with front button placket, relaxed fit.",1160,Images/P859.jpg
P860,Women,Ethnic Wear,Saree,Red,Party and Wedding,Free Size/XXXL,Woven,Sleeveless,N/A,Silk,Banarasi,Red Banarasi silk saree with gold zari woven motifs and border.,1590,Images/P860.jpg
P861,Women,Ethnic Wear,Lehenga Choli,Peach,Party and Wedding,"S, M, L, XL",Embroidered,Sleeveless,V-Neck,Net and Silk,Embroidered with Ruffles,"Peach net lehenga choli with heavy embroidery, ruffle hem.",670,Images/P861.jpg
P862,Women,Western Wear,Jacket,Olive Green,Casual,"S, M, L, XL",Solid,Full Sleeve,Mandarin Collar,Polyester,Bomber,"Olive green bomber jacket with navy blue stripe accents, full zip.",1060,Images/P862.jpg
P863,Women,Ethnic Wear,Suit Set,Pink,Party,"S, M, L, XL/XXXXL",Floral Embroidered,Three-Quarter Sleeve,Round Neck,Chiffon,Embroidered,"Light pink chiffon suit set with floral embroidery, scalloped border dupatta.",630,Images/P863.jpg
P864,Women,Ethnic Wear,Kurta Set,Brown,Party and Wedding,"S, M, L, XL, XXL",Embellished,Three-Quarter Sleeves,Boat Neck,Cotton Blend,Traditional,Brown cotton blend kurta set with mirror work embroidery on the yoke.,3230,Images/P864.jpg
P865,Women,Ethnic Wear,Kurta,Beige,Party and Wedding,"S, M, L, XL, XXL",Chevron,Full Sleeves,Mandarin Collar,Rayon,Contemporary,Beige rayon kurta with zigzag chevron print and purple floral sleeves.,1180,Images/P865.jpg
P866,Women,Western Wear,Jumpsuit,Blue,Casual,"XS, S, M, L, XL/XXL",Solid,Cap Sleeves,Square Neck,Denim,Indo-Western,"Blue denim jumpsuit with distressed rip details, self-tie belt.",2690,Images/P866.jpg
P869,Women,Bottomwear,Hoodie,Blue,Casual,"S, M, L, XL",Solid,Long Sleeves,Hood,Cotton Blend,Streetwear,"Light blue hooded sweatshirt with kangaroo pocket, drawstrings.",1720,Images/P869.jpg
P870,Women,Ethnic,Saree,Yellow,Party and Wedding,Free Size,Woven,Sleeveless,Round Neck,Art Silk,Traditional,"Mustard yellow art silk saree with golden zari border, self-woven checks.",830,Images/P870.jpg
P871,Women,Bottomwear,Shorts,Blue,Casual,"XS, S, M, L, XL",Solid,N/A,N/A,Denim,Casual,Washed blue denim shorts with elasticated drawstring waistband.,1490,Images/P871.jpg
P872,Women,Ethnic,Kurta,Yellow,Party and Wedding,"S, M, L, XL, XXL",Printed,Three-Quarter Sleeves,Round Neck,Cotton,Ethnic Contemporary,"Yellow cotton kurta with all-over leaf print, side slits.",6710,Images/P872.jpg
P873,Women,Westernwear,Shrug,Orange,Casual,"S, M, L/XXXXL",Self-Design,Long Sleeves,Open Front,Polyester Blend,Bohemian,"Multi-tonal crochet knit shrug in warm shades of orange, rust, mustard.",800,Images/P873.jpg
P874,Women,Ethnic,Lehenga Set,Black,Party and Wedding,"S, M, L, XL/XXXL",Sequinned,Sleeveless,Scoop,Net and Polyester,Sparkle,"Black sequined crop top with spaghetti straps, matching sequined lehenga skirt.",820,Images/P874.jpg
P875,Women,Western,Jumpsuit,Blue,Casual,"XS, S, M, L, XL",Solid,Full Sleeve,Collared,Denim,Streetwear,Light blue denim jumpsuit with full-length zipper and cropped denim jacket.,1370,Images/P875.jpg
P876,Women,Western,Skirt,Black,Party,"XS, S, M, L",Sequinned,NA,NA,Sequined Fabric,Glam,Black sequined bodycon mini skirt with elasticated waistband.,2890,Images/P876.jpg
P877,Women,Western,Top,Pink,Casual,"XS, S, M, L/XXXXL",Solid,Puff Sleeve,Sweetheart,Crepe,Trendy,Vibrant pink top with dramatic puff sleeves and sweetheart neckline.,1250,Images/P877.jpg
P878,Women,Ethnic,Kurta Set,Peach,Party and Wedding,"S, M, L, XL, XXL",Printed,Three-Quarter Sleeve,Round,Cotton,Traditional,Peach and coral printed kurta with white palazzo pants and dupatta.,4990,Images/P878.jpg
P879,Women,Ethnic,Lehenga Choli Set,Purple,Party and Wedding,"S, M, L, XL, XXL",Solid,Sleeveless,Round Neck,"Art Silk, Net",Traditional,"Wine-colored art silk lehenga choli with sheer net dupatta, gold border.",2420,Images/P879.jpg
P880,Women,Western Wear,Bomber Jacket,Black,Casual,"S, M, L, XL",Colour Block,Full Sleeve,Collar,Polyester,Sporty,Black and white colour-blocked cropped bomber jacket with motivational text.,1440,Images/P880.jpg
P881,Women,Western Wear,Top,Navy Blue,Casual,"S, M, L, XL, XXL",Embroidered,Three-Fourth Flared,Round Neck,Cotton,Boho,Navy blue cotton boho top with vibrant pink and yellow geometric embroidery.,1960,Images/P881.jpg
P882,Women,Western Wear,Jeans,Black,Casual,"26, 28, 30, 32, 34",Striped,NA,NA,Cotton Denim,Casual,Black skinny-fit jeans with contrasting white side stripe detailing.,1030,Images/P882.jpg
P883,Women,Western Wear,Jeans,Navy Blue,Casual,"26, 28, 30, 32, 34/XXXXL",Solid,NA,NA,Cotton Denim,Casual,Navy blue wide-leg cropped denim with large front patch pockets.,580,Images/P883.jpg
P884,Women,Western Wear,Jumpsuit,White,Casual,"S, M, L, XL/XXXXL",Abstract Print,Short Sleeves,Tie Neck,Rayon,Casual,"White jumpsuit with dark mauve abstract brushstroke print, tie knot neckline.",2380,Images/P884.jpg
P886,Women,Western Wear,Jumpsuit,Off White,Casual,"S, M, L, XL/XXXXL",Floral Print,Short Sleeves,Collar,Cotton Blend,Casual,"Off-white romper jumpsuit with pastel floral print, shirt collar.",920,Images/P886.jpg
P887,Women,Western Wear,Top,Blue,Casual,"S, M, L, XL",Striped,Long Sleeves,Round Neck,Cotton Blend,Casual,Blue and white striped long-sleeve top with sheer lace overlay.,2710,Images/P887.jpg
P888,Women,Western Wear,Sweater,Grey,Casual,"S, M, L, XL",Plain,Long Sleeves,Round Neck,Cotton Blend,Casual,Grey sweatshirt with white floral lace front panel overlay.,3770,Images/P888.jpg
P889,Women,Topwear,Crop Top,Off-White,Casual,"XS, S, M, L, XL/XXL",Solid,Spaghetti Strap,Straight Neck,Cotton,Bohemian,"Smocked crochet crop top with thin spaghetti straps, ruffled hem.",1330,Images/P889.jpg
P890,Women,Ethnic Wear,Kurta Set,Red,Party and Wedding,"S, M, L, XL, XXL",Embellished,Three-Quarter,Mandarin Collar,Silk Blend,Traditional,"Red silk blend kurta with embroidered yoke, navy blue Banarasi dupatta.",2570,Images/P890.jpg
P891,Women,Topwear,Cardigan,Purple,Casual,"XS, S, M, L, XL",Solid,Full Sleeve,Round Neck,Polyester Blend,Contemporary,Open-front purple knit cardigan with contrast black ribbed trim.,1650,Images/P891.jpg
P892,Women,Bottomwear,Jeans,Blue,Casual,"26, 28, 30, 32, 34",Solid,N/A,N/A,Denim,Streetwear,Mid-rise blue denim jeans with distressed raw side seam.,4120,Images/P892.jpg
P894,Women,Clothing,Co-ord Set,Dusty Rose,Casual,"S, M, L, XL",Solid,Short Puffed Sleeves,Round Neck,Cotton Linen Blend,Peplum,"Dusty rose peplum top with ruffle trim, matching wide-leg culottes.",1540,Images/P894.jpg
P896,Women,Clothing,Top,Pink,Casual,"XS, S, M, L, XL",Solid,Short Sleeves,Off Shoulder,Cotton Blend,Crop Top,Bright pink off-shoulder crop top with front button placket.,3510,Images/P896.jpg
P897,Women,Clothing,Top,Black,Party,"S, M, L, XL/XXXXL",Floral Embroidery,Three-Quarter Sleeves,Round Neck,Net Mesh,Overlay,Black sheer mesh overlay jacket with silver floral embroidery and pearl details.,2230,Images/P897.jpg
P898,Women,Clothing,Saree,Blue and Green,Party and Wedding,Free Size,Ombre,Sleeveless,Spaghetti Strap,Chiffon,Contemporary,Sheer chiffon saree in blue and green ombre with gold border.,1010,Images/P898.jpg
P899,Women,Skirts,Maxi Skirt,Orange,Casual,"S, M, L, XL",Ethnic Print,Sleeveless,None,Cotton,Wrap Around,Orange wrap-around maxi skirt with multi-band ethnic print.,3460,Images/P899.jpg
P901,Women,Jackets,Denim Jacket,Blue,Casual,"XS, S, M, L, XL, XXL",Solid,Full Sleeve,Collar,Denim,Trucker,"Classic blue denim jacket with button-front closure, chest flap pockets.",2980,Images/P901.jpg
P902,Women,Jackets,Longline Shirt Jacket,Pink,Casual,"S, M, L, XL/XXL",Solid,Full Sleeve,Spread Collar,Viscose,Duster,Pink longline open-front duster jacket with bell cuffs.,1470,Images/P902.jpg
P905,Women,Bottomwear,Palazzo Pants,Grey,Casual,"S, M, L, XL",Solid,NA,NA,Linen Blend,Contemporary,"Grey wide-leg palazzo pants with drawstring waist, front pleats.",1770,Images/P905.jpg
P906,Women,Topwear,Sweater,Green,Casual,"XS, S, M, L, XL",Solid,Full Sleeve,Turtleneck,Wool Blend,Contemporary,Solid green turtleneck sweater with ribbed cuffs and hem.,3980,Images/P906.jpg
P907,Women,Bottomwear,Jeans,White,Casual,"XS, S, M, L, XL",Solid,NA,NA,Cotton Denim,Casual,White high-waisted flared jeans with fabric belt tie.,3670,Images/P907.jpg
P908,Women,Topwear,Crop Top,Light Blue,Casual,"XS, S, M, L/XXXXL",Solid,Sleeveless,Scoop Neck,Ribbed Cotton,Streetwear,"Light blue ribbed crop top with racerback cut, scoop neckline.",4290,Images/P908.jpg
P909,Women,Ethnic,Salwar Suit,Beige,Festive,"S, M, L, XL, XXL",Floral,Full Sleeve,V-Neck,Art Silk,Embroidered,"Beige art silk salwar suit set with floral embroidery, sheer dupatta.",6780,Images/P909.jpg
P910,Women,Ethnic,Kurti Dress,Black,Casual,"S, M, L, XL, XXL",Paisley,Three-Quarter Sleeve,Mandarin Collar,Cotton,A-Line,Black cotton A-line kurti dress with paisley print.,1770,Images/P910.jpg
P911,Women,Western,Jacket,Brown,Casual,"XS, S, M, L, XL/XXL",Solid,Full Sleeve,Collar,Denim,Biker,Brown denim biker jacket with embroidered army and eagle patches.,2960,Images/P911.jpg
P912,Women,Ethnic,Kurta,Blue,Party and Wedding,"S, M, L, XL, XXL",Geometric,Unstitched,Unstitched,Chanderi Silk,Embroidered,Light blue Chanderi silk unstitched salwar suit set with floral zari embroidery.,4390,Images/P912.jpg
P913,Women,Ethnic,Kurta Pant Set,Blue,Party and Wedding,"S, M, L, XL, XXL",Solid,Three-Quarter Sleeve,Mandarin Collar,Cotton,Straight,Navy blue cotton straight kurta with bandhani tie-dye dupatta.,1400,Images/P913.jpg
P914,Women,Ethnic Wear,Kurta Set,Black,Party and Wedding,"S, M, L, XL, XXL",Solid,Short Sleeves,Mandarin Collar,Cotton,Straight,"Black cotton kurta with short sleeves, orange organza dupatta.",1440,Images/P914.jpg
P915,Women,Bottomwear,Jeans,Blue,Casual,"26, 28, 30, 32, 34",Solid,N/A,N/A,Denim,Skinny Fit,Light blue high-waisted skinny fit jeans with four-button fly.,2340,Images/P915.jpg
P916,Women,Topwear,Camisole Top,Green,Casual,"XS, S, M, L, XL",Floral Embroidered,Sleeveless,Square Neck,Rayon,Relaxed Fit,"Mint green sleeveless camisole with ruffled straps, daisy floral embroidery.",6940,Images/P916.jpg
P917,Women,Outerwear,Denim Jacket,Blue,Casual,"XS, S, M, L, XL",Solid,Full Sleeves,Spread Collar,Denim,Oversized,Light blue oversized denim jacket with raw hem detailing.,3890,Images/P917.jpg
P918,Women,Topwear,Crop Top,Orange,Casual,"XS, S, M, L, XL",Embroidered,Flared Sleeves,V-Neck,Cotton,Bohemian,Rust orange bohemian crop top with dramatic flared bell sleeves.,3030,Images/P918.jpg
P919,Women,Ethnic Wear,Salwar Suit Set,Purple,Party,"S, M, L, XL, XXL",Floral Print,Three-Quarter Sleeves,Keyhole Neck,Rayon,A-Line,Purple and magenta gradient kurta with black floral vine prints.,2420,Images/P919.jpg
P920,Women,Ethnic Wear,Saree,Green,Party and Wedding,Free Size,Sequin Stripes,Sleeveless,Round Neck,Georgette,Sequin Embellished,Dark green georgette saree with diagonal sequin stripe patterns.,1360,Images/P920.jpg
P921,Women,Ethnic Wear,Anarkali Suit,Purple,Party,"S, M, L, XL, XXL",Floral Print,Three-Quarter Sleeves,Square Neck,Chanderi Silk,Floor-Length,Deep wine floor-length anarkali suit with grey organza dupatta.,4450,Images/P921.jpg
P922,Women,Western Wear,Jeans,Blue,Casual,"26, 28, 30, 32, 34",Solid,NA,NA,Denim,High-Waist Skinny,"Blue high-waist skinny jeans with four-button fly, faded wash.",3550,Images/P922.jpg
P923,Women,Western Wear,Skirt,Blue,Casual,"XS, S, M, L, XL",Paisley Print,NA,NA,Viscose,A-Line Mini,"Light blue A-line mini skirt with paisley print, ruffled hemline.",6640,Images/P923.jpg
P924,Women,Ethnic Wear,Kurta Set with Dupatta,White  blue,Party and Wedding,"S, M, L, XL, XXL",Floral,Three-Quarter,Square Neck,Cotton,Ethnic,"White cotton kurta set with turquoise floral prints, matching palazzo pants and dupatta.",1170,Images/P924.jpg
P925,Women,Ethnic Wear,Saree,Mustard Yellow,Party and Wedding,Free Size,Self Design,N/A,N/A,Silk Blend,Traditional,"Mustard yellow silk blend saree with self-woven leaf pattern, green border with gold zari.",1000,Images/P925.jpg
P926,Women,Ethnic Wear,Kurta Set with Dupatta,Yellow,Party and Wedding,"S, M, L, XL, XXL",Geometric,Three-Quarter,Round Neck,Silk Blend,Ethnic,Bright yellow silk blend kurta set with golden square block motifs.,1460,Images/P926.jpg
P927,Women,Ethnic Wear,Lehenga Choli,Red,Party and Wedding,"S, M, L, XL/XXXL",Embroidered,Short,V-Neck,Silk,Bridal,Deep red silk lehenga choli with elaborate gold zari embroidery.,1190,Images/P927.jpg
P929,Women,Tops,T-shirt,Orange,Casual,"S, M, L, XL/XXXXL",Solid,Full Sleeve,Round Neck,Cotton Blend,Regular Fit,Solid orange round-neck long-sleeve top with relaxed fit.,1800,Images/P929.jpg
P930,Women,Bottomwear,Jeans,Light Blue,Casual,"26, 28, 30, 32/XXXXL",Solid,NA,NA,Denim,Cropped Tapered Fit,Light blue cropped tapered jeans with notched waistband.,840,Images/P930.jpg
P931,Women,Bottomwear,Track Pants,Powder Blue,Casual,"S, M, L, XL",Solid,NA,NA,Satin,Jogger Fit,Powder blue satin jogger pants with elasticated drawstring waistband.,3020,Images/P931.jpg
P932,Women,Ethnic,Saree,Red,Party and Wedding,Free Size,Striped,NA,NA,Art Silk,Traditional,Red art silk saree with gold diagonal stripes and mirror-work border.,900,Images/P932.jpg
P933,Women,Ethnic Wear,Co-ord Set,Maroon,Casual,"S, M, L, XL",Floral Print,Sleeveless,Scoop Neck,Rayon,Boho,Maroon floral-print sleeveless crop top with matching wide-leg palazzo pants.,6910,Images/P933.jpg
P934,Women,Ethnic Wear,Kurta Set with Dupatta,Cream,Party and Wedding,"S, M, L, XL, XXL",Floral Embroidered,Three-Quarter Sleeves,Round Neck,Cotton,A-Line,"Cream cotton kurta set with red and green floral embroidery, purple organza dupatta.",890,Images/P934.jpg
P935,Women,Ethnic Wear,Lehenga Choli Set,Powder Blue,Party and Wedding,"S, M, L, XL",Floral Embroidered,Sleeveless,Boat Neck,"Satin, Net",Embroidered,"Powder blue satin lehenga choli with floral embroidery, sheer net dupatta.",4940,Images/P935.jpg
P936,Women,Western Wear,Skirt,Light Blue,Casual,"XS, S, M, L, XL/XXXL",Solid,NA,NA,Rayon,Smocked Tiered Mini,Light blue smocked tiered mini skirt with two ruffled layers.,1580,Images/P936.jpg
P937,Women,Western Wear,Jumpsuit,Mustard Yellow,Casual,"XS, S, M, L, XL",Floral Printed,Spaghetti Straps,Straight Neck,Rayon,Relaxed Fit,"Mustard yellow floral printed jumpsuit with spaghetti straps, wide-leg.",910,Images/P937.jpg
P938,Women,Western Wear,Jumpsuit,Lavender,Casual,"XS, S, M, L, XL/XXL",Solid,Cap Sleeves,Mandarin Collar,Rayon,Button-Front Wide Leg,"Lavender textured rayon jumpsuit with mandarin collar, button-front, belt.",4990,Images/P938.jpg
P939,Women,Ethnic Wear,Kurta,Light Blue,Party and Wedding,"S, M, L, XL, XXL",Leaf Print,Three-Quarter Sleeves,Notch Neck,Cotton,Straight Fit,"Light blue cotton kurta with white leaf print, paired with white palazzo pants.",4980,Images/P939.jpg
P941,Women,Western Wear,Co-ord Set,Teal,Casual,"XS, S, M, L, XL",Floral Print,Flutter Sleeves,V-Neck,Rayon,Crop Top and Skirt,Teal floral print co-ord set with V-neck crop top and ruffle hem mini skirt.,4880,Images/P941.jpg
P943,Women,Western Wear,Shrug,Black,Casual,"S, M, L, XL/XXXXL",Floral Print,Short Kimono Sleeves,Open Front,Viscose,Oversized Kimono,Black floral print open-front kimono shrug with short wide sleeves.,1240,Images/P943.jpg
P945,Women,Western,Tunic,Orange,Casual,"S, M, L, XL, XXL",Embroidered,Full Sleeve,Round Neck,Cotton,Boho,"Orange cotton tunic with blue embroidered detailing, tie-up neckline.",2900,Images/P945.jpg
P946,Women,Western,Top,Black,Formal,"XS, S, M, L, XL, XXL, 3XL",Polka Dot,Three-Quarter Sleeve,Choker Neck,Poly Crepe,Retro,"Black polka dot blouse with tie-neck choker detail, 3/4 sleeves.",1280,Images/P946.jpg
P947,Women,Ethnic,Saree,Blue,Party and Wedding,Free Size,Paisley,NA,NA,Art Silk,Contemporary,Blue art silk saree with teal paisley print and gold zari border.,1100,Images/P947.jpg
P948,Women,Ethnic,Dupatta,Mustard,Casual,Free Size,Butti,NA,NA,Cotton,Traditional,"Mustard cotton dupatta with pink butti embroidery, gold zari border.",520,Images/P948.jpg
P949,Women,Ethnic,Saree,Light Blue,Party and Wedding,Free Size,Woven Motifs,Sleeveless,Round,Cotton Art Silk,Traditional,"Light blue cotton art silk saree with woven floral motifs, gold zari border.",3360,Images/P949.jpg
P950,Women,Western,Pants,Olive Green,Casual,"XS, S, M, L, XL/XXL",Solid,NA,NA,Cotton Blend,Slim Fit,Olive green slim-fit cotton blend pants with five-pocket styling.,580,Images/P950.jpg
P951,Women,Ethnic,Lehenga Choli,Dark Green,Party and Wedding,"S, M, L, XL",Checked with Border,Elbow Length,Deep V-Neck,Silk,Traditional Festive,"Dark green silk lehenga choli with gold checkered pattern, copper-gold border.",5980,Images/P951.jpg
P952,Women,Western,Jacket,Navy Blue,Casual,"XS, S, M, L, XL/XXXXL",Solid,Full Sleeve,Hooded,Nylon Polyester,Quilted Puffer,"Navy blue lightweight quilted puffer jacket with hood, full zip.",1150,Images/P952.jpg
P953,Women,Western,Jeans,Blue,Casual,"XS, S, M, L, XL/XXL",Solid with Stripe,NA,NA,Denim,Bootcut,"Medium-wash blue denim bootcut jeans with darker side stripe, high-rise.",3400,Images/P953.jpg
P954,Women,Ethnic Wear,Palazzo Pants,Blue,Casual,"S, M, L, XL/XXL",Floral,Sleeveless,N/A,Cotton,Ethnic Casual,Blue floral print cotton palazzo pants with drawstring waist.,1430,Images/P954.jpg
P955,Women,Ethnic Wear,Kurta,White,Party and Wedding,"S, M, L, XL, XXL",Floral,Three-Quarter Sleeve,Mandarin Collar,Cotton,Ethnic Casual,"White cotton kurta with maroon tree print, mandarin collar.",3010,Images/P955.jpg
P956,Women,Ethnic Wear,Kurta Set,White,Party and Wedding,"S, M, L, XL/XXXL",Textured,Three-Quarter Sleeve,Round Neck,Cotton,Ethnic Festive,"White textured cotton kurta with matching palazzos, yellow leheriya dupatta.",1290,Images/P956.jpg
P958,Women,Western Wear,T-Shirt,Peach,Casual,"XS, S, M, L, XL",Solid,Short Sleeve,V-Neck with Choker Detail,Cotton Blend,Casual Contemporary,Peach-toned casual t-shirt with V-neck and choker-style cutout detail.,1640,Images/P958.jpg
P959,Women,Ethnic,Saree,Orange,Party and Wedding,Free Size,Floral,Three-quarter sleeve,Round,Silk,Traditional,"Orange and pink silk saree with zari border, floral motifs, tassel pallu.",2700,Images/P959.jpg
P960,Women,Western,Sweatshirt,Black,Casual,"S, M, L, XL",Printed,Full sleeve,Hoodie,Cotton Blend,Casual,Black cropped hoodie with white HO HO HO text and gold glitter heart.,2240,Images/P960.jpg
P961,Women,Western,Dress,Yellow,Casual,"S, M, L, XL/XXL",Printed,Three-quarter sleeve,Keyhole,Cotton,Bohemian,"Yellow printed cotton maxi dress with tassel tie neckline, smocked waist.",4620,Images/P961.jpg
P962,Women,Ethnic,Saree,Purple,Party and Wedding,Free Size,Sequinned,Sleeveless,N/A,Chiffon,Contemporary,Purple chiffon saree with diagonal sequin stripes and fringed edges.,1820,Images/P962.jpg
P963,Women,Ethnic,Lehenga,Pink,Party and Wedding,"S, M, L, XL",Embroidered,Short sleeve,Sweetheart,Net and Silk,Traditional,"Pink embroidered lehenga choli with intricate threadwork, net dupatta.",6110,Images/P963.jpg
P964,Women,Western Wear,Dress,Pink,Casual,"XS, S, M, L, XL",Gingham Check,Puff Short Sleeve,V-Neck,Cotton Blend,Feminine A-Line,"Pink and white gingham check button-front dress with puff sleeves, self-tie waist.",1330,Images/P964.jpg
P965,Women,Western Wear,Jeans,Blue,Casual,"26, 28, 30, 32, 34",Solid,Sleeveless,N/A,Cotton Denim,Slim Fit,"Light wash blue denim jeggings with elasticated waistband, slim tapered leg.",1160,Images/P965.jpg
P966,Women,Western Wear,Co-ord Set,Mauve,Casual,"S, M, L, XL/XXXXL",Solid,Full Sleeve,Wrap V-Neck,Knit,Relaxed Co-ord,Dusty mauve knit co-ord set with wrap-front top and matching ribbed midi skirt.,2770,Images/P966.jpg
P967,Women,Western Wear,Jacket,Charcoal Grey,Casual,"S, M, L, XL",Solid,Full Sleeve,Notched Lapel,Wool Blend,Structured Pea Coat,"Charcoal grey wool-blend pea coat with notched lapels, front button closure.",760,Images/P967.jpg
P968,Women,Western Wear,Sweater,Red,Casual,"S, M, L, XL",Color Block,Full Sleeve,Mock Neck,Acrylic Knit,Relaxed Fit,"Rust orange ribbed knit sweater with mock neck, white stripe color-block detail.",720,Images/P968.jpg
P969,Women,Western Wear,Top,Black,Casual,"S, M, L, XL/XXXL",Solid,Cap Sleeves,Scoop Neck,Cotton Blend,Contemporary,"Black cap-sleeve top with ruched smocked front detailing, fitted silhouette.",960,Images/P969.jpg
P970,Women,Ethnic Wear,Saree,Blue,Party and Wedding,Free Size/XXXXL,Ikat,Sleeveless,N/A,Chanderi Silk,Traditional,Light blue chanderi silk saree with ikat-inspired printed motifs.,1490,Images/P970.jpg
P971,Women,Western Wear,Skirt,Blue,Casual,"XS, S, M, L, XL/XXL",Floral,N/A,N/A,Cotton,Bohemian,"Blush blue cotton midi skirt with teal floral print, tiered ruffled layers.",3260,Images/P971.jpg
P972,Women,Ethnic Wear,Saree,Purple,Party and Wedding,Free Size,Solid,Sleeveless,Halter Neck,Georgette,Contemporary,Deep wine georgette pre-draped saree with cascading ruffle layers.,2110,Images/P972.jpg
P974,Women,Bottomwear,Palazzo Pants,Navy Blue,Casual,"S, M, L, XL",Floral Print,Sleeveless,N/A,Rayon,Wide-Leg,"Navy blue wide-leg palazzo pants with floral print, elasticated drawstring waist.",1780,Images/P974.jpg
P975,Women,Topwear,Crop Top,White,Casual,"XS, S, M, L, XL",Solid,Sleeveless,Scoop Neck,Ribbed Cotton Blend,Bodycon,"Classic white ribbed crop top with scoop neckline, sleeveless design.",970,Images/P975.jpg
P976,Women,Outerwear,Blazer,Dark Green,Formal,"S, M, L, XL",Solid,Long Sleeves,Notched Lapel,Polyester Blend,Tailored,"Dark green blazer with notched lapel, single-button closure, tailored fit.",1470,Images/P976.jpg
P977,Women,Western Wear,Jumpsuit,Black,Casual,"S, M, L, XL",Solid,Long Sleeves,Cowl Neck,Crepe,Relaxed Wide-Leg,"Black jumpsuit with cowl neckline, long sleeves, drawstring waist.",4240,Images/P977.jpg
P978,Women,Ethnic Wear,Lehenga Choli Set,Multi,Party and Wedding,"S, M, L, XL",Floral Print,Short Sleeves,Sweetheart Neck,Silk Blend,Ethnic,"Lehenga choli set with red sweetheart-neck blouse, cream printed skirt.",6470,Images/P978.jpg
P979,Women,Topwear,Hoodie,Maroon,Sports,"S, M, L, XL",Textured,Full Sleeve,Hooded,Polyester,Athletic,"Maroon half-zip athletic hoodie with textured front panel, kangaroo pocket.",2670,Images/P979.jpg
P980,Women,Bottomwear,Skirt,Black,Party,"S, M, L, XL/XXXL",Ethnic Print,N/A,N/A,Cotton,Traditional,"Black ethnic lehenga skirt with gold block print, ornate gold floral border.",2070,Images/P980.jpg
P981,Women,Ethnic Wear,Lehenga Choli,Black,Party and Wedding,"S, M, L, XL",Sequinned,Short Sleeve,Round Neck,Net,Glamorous,Black sequin-embellished lehenga choli with green sequin detailing.,5550,Images/P981.jpg
P982,Women,Ethnic Wear,Kurta Set,White,Party and Wedding,"S, M, L, XL",Printed,Three-Quarter Sleeve,Mandarin Collar,Cotton,Elegant,"White cotton kurta with blue tree print and embroidery, white leggings, blue dupatta.",2840,Images/P982.jpg
P983,Women,Western Wear,Dress,Grey,Casual,"S, M, L, XL/XXXL",Floral Print,Three-Quarter Sleeve,V-Neck,Viscose,Casual,"Grey midi dress with white floral print, V-neckline, relaxed flowy silhouette.",2390,Images/P983.jpg
P984,Women,Ethnic Wear,Lehenga Skirt,Red,Party and Wedding,"S, M, L, XL, XXL",Solid,Sleeveless,N/A,Silk Blend,Traditional,"Red silk blend lehenga skirt with golden zari border, drawstring waist.",3830,Images/P984.jpg
P985,Women,Western Wear,Sweater Dress,Maroon,Casual,"S, M, L, XL",Striped,Full Sleeve,Round Neck,Cotton Blend,Casual,Maroon knit sweater dress with cream and navy blue stripe accents.,4030,Images/P985.jpg
P986,Women,Western Wear,Pants,Black,Casual,"XS, S, M, L, XL, XXL",Solid,N/A,N/A,Cotton,Casual,"Black cotton relaxed-fit pants with elasticated waistband, straight leg.",1250,Images/P986.jpg
P987,Women,Western Wear,Top,Green,Party,"XS, S, M, L, XL",Solid,Sleeveless,Halter Neck,Crepe,Contemporary,Emerald green crepe halter neck top with embellished beaded neckline.,1360,Images/P987.jpg
P988,Women,Western Wear,Sweatshirt,Purple,Casual,"S, M, L, XL",Printed,Full Sleeve,Round Neck,Cotton Blend,Casual,Dark purple cotton blend sweatshirt with large sequined elephant graphic.,1790,Images/P988.jpg
P989,Women,Winterwear,Jacket,Grey,Casual,"S, M, L, XL, XXL",Solid,Full Sleeve,Hooded,Polyester,Puffer,"Grey hooded puffer jacket with black zip closures, quilted panels.",4010,Images/P989.jpg
P990,Women,Ethnic Wear,Kurta,Olive Green,Party and Wedding,"XS, S, M, L, XL",Embroidered,Three-Quarter Sleeve,Round Neck,Cotton,A-Line,"Olive green cotton kurta with floral embroidery, colourful tassels on placket.",2950,Images/P990.jpg
P991,Women,Winterwear,Poncho,Grey,Casual,Free Size/XXXL,Solid,Poncho Sleeve,Round Neck,Wool Blend,Poncho,Grey and black gradient poncho with black faux fur trim.,4740,Images/P991.jpg
P992,Women,Bottomwear,Flared Pants,Rust,Casual,"XS, S, M, L, XL",Solid,NA,NA,Cotton Blend,Flared,Rust-colored high-waisted flared pants with vertical seam detailing.,3250,Images/P992.jpg
P993,Women,Bottomwear,Skirt,Multi,Casual,"XS, S, M, L, XL",Printed,NA,NA,Georgette,A-Line,Multi-coloured printed tiered midi skirt with vibrant grid pattern.,1670,Images/P993.jpg
P994,Women,Topwear,T-shirt,Yellow,Casual,"S, M, L, XL, XXL",Colour-blocked,Short Sleeves,Round Neck,Cotton,Casual,"Colour-blocked t-shirt with black, white, and mustard yellow stripes.",760,Images/P994.jpg
P995,Women,Outerwear,Jacket,Green,Casual,"XS, S, M, L, XL",Solid,Long Sleeves,Collared,Cotton,Casual,"Olive green utility jacket with collared neck, button-front, patch pockets.",1150,Images/P995.jpg
P996,Women,Topwear,Tunic,Green,Casual,"S, M, L, XL, XXL",Floral Printed,Three-Quarter Sleeves,V Neck,Cotton,Bohemian,"Mint green floral printed tunic with V-neckline, tie-up front with tassels.",1060,Images/P996.jpg
P997,Women,Outerwear,Jacket,Orange,Casual,"XS, S, M, L, XL, XXL",Solid,Long Sleeves,Hooded,Polyester,Casual,"Orange quilted puffer jacket with hood, snap-button front, zippered pockets.",2690,Images/P997.jpg
P998,Women,Ethnic,Kurta Set,Black,Party and Wedding,"S, M, L, XL, XXL",Paisley Printed,Three-Quarter Sleeves,Round Neck,Cotton,Ethnic,"Black cotton kurta set with elaborate paisley print dupatta in rust, teal, gold.",850,Images/P998.jpg
P999,Women,Ethnic,Saree,Blush Pink,Party and Wedding,Free Size,Floral,N/A,N/A,Organza,Elegant,"Light pink organza saree with large floral print, maroon blouse.",1500,Images/P999.jpg
P1000,Women,Ethnic/Fusion,Co-ord Set,Light Blue,Casual,"S, M, L, XL",Floral,Sleeveless,Square,Rayon,Cropped camisole top with matching wide-leg palazzo pants featuring white and orange floral print on light blue base,A trendy two-piece co-ord set featuring a sleeveless cropped camisole top and matching wide-leg palazzo pants with beautiful floral print,2880,Images/P1000.jpg
P1001,Women,Tops,Bandeau Top,Red,Party,"XS, S, M, L, XL/XXXL",Floral,Sleeveless,Strapless/Sweetheart,Cotton Blend,Smocked strapless bandeau crop top with ruffle trim,A vibrant red smocked bandeau crop top with sweetheart neckline and all-over small floral print,1730,Images/P1001.jpg
P1002,Women,Bottoms,Jeans,Blue,Casual,"26, 28, 30, 32, 34",Solid,N/A,N/A,Cotton Denim,High-waisted mom jeans in medium blue wash with relaxed straight-leg fit,Classic high-waisted mom jeans in medium blue denim wash with light whiskering and fading on front thighs,1280,Images/P1002.jpg
P1003,Women,Tops,Sweater,Light Blue,Casual,"S, M, L, XL/XXXXL",Cable Knit,Full,Turtleneck,Acrylic/Wool Blend,Chunky cable-knit turtleneck sweater in soft powder blue shade,Cozy powder blue cable-knit turtleneck sweater with intricate cable-knit patterns and ribbed detailing,4500,Images/P1003.jpg
P1004,Women,Bottoms,Shorts,Lavender,Casual,"XS, S, M, L, XL",Solid,N/A,N/A,Cotton Jersey,Relaxed-fit athletic shorts in soft lavender purple with black drawstring waistband,"Comfortable lavender purple sports shorts with yellow contrast piping, front patch pockets, and cuffed hem",1430,Images/P1004.jpg
P1005,Women,Tops,Blouse,Pink,Casual/Semi-Formal,"S, M, L, XL/XXXL",Floral,Full,V-Neck,Chiffon/Georgette,Romantic pink floral blouse with voluminous bishop sleeves and smocked elasticated cuffs,Feminine pink floral blouse with V-neckline and dramatic full bishop sleeves with smocked elasticated cuffs,1580,Images/P1005.jpg
P1006,Women,Tops,Crop Top,Black and White,Casual,"XS, S, M, L, XL",Gingham/Checkered,Half,Square,Cotton,Cropped gingham top with square neckline and puff sleeves,Charming black and white gingham crop top with square neckline and romantic puff sleeves,1380,Images/P1006.jpg
P1007,Women,Tops,Tunic Top,Black and White,Formal,"M, L, XL, XXL, 3XL",Solid (Color Block),Full,V-Neck with Collar,Polyester/Viscose Blend,Layered-look tunic top designed for plus-size women,Cleverly designed layered-look tunic top creating illusion of wearing black V-neck sweater over white collared shirt,2680,Images/P1007.jpg
P1008,Women,Bottoms,Jeans,Black/Dark Grey,Casual,"24, 26, 28, 30, 32",Solid,N/A,N/A,Cotton Stretch Denim,High-waisted skinny jeans in washed black/charcoal grey shade,High-waisted skinny jeans in trendy washed black with faded wash and lighter horizontal streaks,2800,Images/P1008.jpg
P1009,Women,Ethnic,Saree,Orange and Maroon,Party and Wedding,Free Size (5.5 meters)/XXXL,Traditional/Brocade,N/A,N/A,Art Silk/Banarasi,Rich Banarasi silk saree in stunning orange and maroon combination,Luxurious Banarasi art silk saree with gold circular buttis on orange base and maroon border with intricate gold zari work,660,Images/P1009.jpg
P1010,Women,Bottoms,Midi Skirt,Black,Formal,"XS, S, M, L, XL/XXXL",Solid,N/A,N/A,Jersey/Rayon Blend,Fitted midi pencil skirt in solid black,Classic black midi pencil skirt in sleek body-hugging silhouette made from smooth stretchy jersey fabric,2240,Images/P1010.jpg
P1011,Women,Bottoms,Shorts,Yellow,Casual,"XS, S, M, L, XL",Solid/Textured,N/A,N/A,Cotton,Relaxed-fit cotton shorts in cheerful butter yellow with textured crinkle weave,"Breezy butter yellow cotton shorts with textured crinkle-stripe weave, drawstring waist, and crochet lace trim",1380,Images/P1011.jpg
P1012,Women,Ethnic,Lehenga Choli,Red and Yellow,Party and Wedding,"S, M, L, XL",Traditional/Brocade,Three-Quarter,Round,Art Silk/Brocade,Stunning red and yellow lehenga choli set,Magnificent red and yellow lehenga choli set with rich red brocade blouse and intricate all-over gold woven pattern,1220,Images/P1012.jpg
P1013,Women,Tops,Jumpsuit,Olive Green,Casual,"S, M, L, XL/XXXXL",Solid,Three-Quarter,Round,Crepe,Tailored olive green jumpsuit with round neckline and three-quarter bell sleeves,Sophisticated olive green jumpsuit with bell sleeves with decorative buttons and self-fabric belt with silver ring buckle,790,Images/P1013.jpg
P1014,Women,Ethnic,Lehenga Choli,Navy Blue,Party and Wedding,"S, M, L, XL",Traditional/Printed,Half,Boat Neck,Art Silk/Brocade,Rich navy blue lehenga choli set with half-sleeve blouse,Regal navy blue lehenga choli set with boat-neck blouse featuring gold woven polka dot motifs,6500,Images/P1014.jpg
P1015,Women,Bottoms,Maxi Skirt,Silver-Grey,Party,"S, M, L, XL",Subtle Self-Pattern,N/A,N/A,Metallic Brocade/Jacquard,Glamorous silver-grey metallic maxi skirt with subtle self-woven pattern,Show-stopping silver-grey metallic maxi skirt from luxurious brocade fabric with self-woven pattern,1110,Images/P1015.jpg
P1016,Women,Tops,Crop Cardigan,Orange,Casual,"XS, S, M, L, XL",Ribbed Texture,Short,Open Front/Tie-Front,Cotton/Knit,Cropped tie-front cardigan in vibrant orange with ribbed knit texture,Fun and trendy orange cropped cardigan with tie-front closure and lettuce-edge ruffled hems,2810,Images/P1016.jpg
P1017,Women,Ethnic,i Kurta,White,Party and Wedding,"S, M, L, XL, XXL",Solid with Embellishment,Full,V-Neck,Rayon/Cotton,Elegant white anarkali-style kurta with V-neckline adorned with gold bead/pearl trim,Graceful white anarkali kurta with V-neckline trimmed with gold bead detailing and gold embroidered lace waistband,2920,Images/P1017.jpg
P1018,Women,Bottoms,Palazzo Pants,Brown/Rust,Casual,"S, M, L, XL",Solid,N/A,N/A,Cotton/Rayon,Wide-leg palazzo pants in warm rust/brown color with elasticated smocked waistband,Relaxed wide-leg palazzo pants in warm rust brown with elasticated smocked waistband and dramatic wide legs,1250,Images/P1018.jpg
P1019,Women,Ethnic,Kurta,Red,Party and Wedding,"S, M, L, XL, XXL",Solid,Three-quarter,Round with V-notch,Cotton,Straight-cut kurta with gold gota patti piping details,Vibrant red straight-cut kurta with gold gota patti piping and decorative gold stripe bands on sleeve cuffs,1590,Images/P1019.jpg
P1020,Women,Ethnic,Lehenga Choli,Light Green,Party and Wedding,"S, M, L, XL",Floral,Short,V-neck,Silk Blend with Net,Three-piece lehenga set with pistachio green silk blend crop top featuring floral embroidery,Elegant pistachio green lehenga choli with intricate floral threadwork embroidery and voluminous skirt,2450,Images/P1020.jpg
P1021,Women,Bottoms,Jeans,Dark Blue,Casual,"26, 28, 30, 32, 34",Solid,N/A,N/A,Cotton Denim,Classic straight-fit cropped jeans with contrast white stitching,Dark indigo blue straight-fit cropped jeans with contrast white topstitching,670,Images/P1021.jpg
P1022,Women,Tops,Blouse,Pink,Casual,"XS, S, M, L, XL",Floral,Sleeveless (Ruffle Cap),V-neck,Rayon,Floral print blouse with ruffle flutter cap sleeves,Pretty pink floral print sleeveless blouse with ruffle flutter cap sleeves and smocked elasticated waist,2430,Images/P1022.jpg
P1023,Women,Tops,Shirt,White,Casual,"XS, S, M, L, XL",Solid (Eyelet/Hakoba),Half,Collar,Cotton,Classic button-down shirt in white cotton eyelet/chikankari fabric,Crisp white cotton eyelet button-down shirt with geometric and floral cutwork embroidery,1320,Images/P1023.jpg
P1024,Women,Western Wear,Co-ord Set,Blue,Party,"XS, S, M, L",Abstract (Marble Print),Full,High neck (Mock),Polyester Blend,Trendy two-piece co-ord set with long-sleeve crop top and matching high-waisted wide-leg flared pants,Statement blue and white marble print co-ord set with mock-neck crop top and flared palazzo pants,1930,Images/P1024.jpg
P1025,Women,Tops,Cardigan,Yellow,Casual,"S, M, L, XL",Solid,Three-quarter,Round (Collarless),Cotton Blend Knit,Cropped open-front cardigan/shrug in bright mustard yellow,Cheerful mustard yellow cropped cardigan shrug with collarless round neckline and single decorative button,820,Images/P1025.jpg
P1026,Women,Ethnic,Saree,Pink,Party and Wedding,Free Size/XXXXL,Traditional (Zari Buttis),N/A,N/A,Silk Blend (Banarasi),Traditional Banarasi silk blend saree in coral pink with gold zari woven butti motifs,Stunning coral pink Banarasi silk blend saree with gold zari woven floral butti motifs and wide gold border,980,Images/P1026.jpg
P1027,Women,Western Wear,Jacket,Navy Blue,Casual,"XS, S, M, L, XL",Solid,Full,Stand collar,Nylon/Polyester (Puffer),Quilted puffer bomber jacket in matte navy blue finish,Sleek navy blue lightweight puffer bomber jacket with horizontal quilting and full-length zip closure,1540,Images/P1027.jpg
P1028,Women,Bottoms,Jeans,Grey,Casual,"26, 28, 30, 32, 34/XXL",Solid (Washed),N/A,N/A,Cotton Denim,Relaxed straight-leg jeans in charcoal grey acid wash with cross-front wrap waistband,Charcoal grey acid-washed relaxed straight-leg jeans with unique cross-over wrap waistband,3760,Images/P1028.jpg
P1029,Women,Bottoms,Jeans,Light Blue,Casual,"26, 28, 30, 32, 34",Solid,N/A,N/A,Cotton Denim,High-waisted skinny jeans in light blue wash with multi-button exposed fly,Light blue high-waisted skinny jeans with multi-button exposed gold-tone button fly,5420,Images/P1029.jpg
P1030,Women,Ethnic,Saree,Green,Party and Wedding,Free Size/XXXXL,Traditional (Paithani),N/A,N/A,Silk,Traditional Paithani silk saree in parrot green with vibrant peacock and floral motifs,Breathtaking parrot green Paithani silk saree with handwoven peacock and floral motifs,6720,Images/P1030.jpg
P1031,Women,Tops,Blouse,Light Pink,Casual,"XS, S, M, L, XL/XXL",Solid,Full (Puffed/Bishop),Round,Cotton,Romantic blouse in soft blush pink cotton with gathered yoke,Dreamy soft blush pink cotton blouse with gathered yoke and statement bishop/puffed long sleeves,4680,Images/P1031.jpg
P1032,Women,Western Wear,Top + Skirt Set,Maroon,Casual,"XS, S, M, L, XL",Solid,Sleeveless,Square (Ruffle),Cotton,Two-piece set with maroon sleeveless top and beige A-line mini skirt,"Chic maroon sleeveless top with wide ruffle straps, paired with beige cotton A-line mini skirt",1190,Images/P1032.jpg
P1033,Women,Western Wear,Co-ord Set,Green,Casual,"XS, S, M, L/XXL",Floral,Half (Puffed),Square,Rayon,Tropical floral print co-ord set with square-neck puff-sleeve crop top and wide-leg palazzo pants,Vibrant tropical floral print co-ord set with square-neck crop top and matching palazzo pants,2090,Images/P1033.jpg
P1034,Women,Ethnic,Kurta,Yellow,Party and Wedding,"S, M, L, XL",Printed (White Ethnic Motifs),Three-quarter,V-neck (Inner) + Jacket style,Georgette/Rayon,Floor-length Anarkali gown in bright yellow with white ethnic print motifs,Radiant yellow floor-length Anarkali gown with intricate white ethnic print motifs and tie-up waist detail,2300,Images/P1034.jpg
P1035,Women,Ethnic,Kurta Set,Red,Party and Wedding,"S, M, L, XL, XXL",Solid (Kurta) + Embroidered (Dupatta),Three-quarter,V-neck,Cotton,"Red V-neck straight kurta with printed/embroidered sleeve cuffs, paired with black phulkari embroidered dupatta",Festive red cotton straight-cut kurta with V-neckline paired with show-stopping black phulkari dupatta,1540,Images/P1035.jpg
P1036,Women,Ethnic,Kurta Set,Black,Party and Wedding,"S, M, L, XL, XXL",Floral Printed,Three-quarter,Boat neck,Cotton,"Black floral printed straight kurta with pink and red floral motifs, paired with black palazzo pants","Elegant black cotton straight kurta with pink and red floral vine prints, paired with black palazzo pants",4190,Images/P1036.jpg
P1037,Women,Bottoms,Shorts,Blue,Casual,"XS, S, M, L, XL, XXL",Striped,N/A,N/A,Cotton,Relaxed-fit paperbag waist shorts in purple-blue base with white vertical stripes,Casual purple-blue and white vertically striped paperbag waist shorts with drawstring waist,1430,Images/P1037.jpg
P1038,Women,Outerwear,Puffer Jacket,Black,Casual,"S, M, L, XL",Solid,Full,Hood/Collar,Polyester/Nylon,"Quilted puffer jacket with hood, zip front, elastic cuffs, slightly oversized fit","Black quilted puffer jacket with hood, front zip closure, elasticized cuffs, and warm padded construction",2700,Images/P1038.jpg
P1039,Women,Ethnic,Kurta,Turquoise,Party and Wedding,"S, M, L, XL, XXL",Solid with embroidered yoke,Three-quarter,Round,Cotton,"Straight-fit kurta with white thread embroidery on yoke, subtle vertical self-stripes",Turquoise blue cotton kurta with intricate white thread embroidery on yoke and subtle vertical texture,4460,Images/P1039.jpg
P1040,Women,Bottoms,Casual Pants,Lavender,Casual,"XS, S, M, L, XL/XXL",Solid,N/A,N/A,Linen Blend,Cropped relaxed-fit pants with drawstring waistband and textured weave,Lavender linen-blend casual pants with drawstring tie at waist and cropped ankle length,1940,Images/P1040.jpg
P1041,Women,Ethnic,Kurta Set,Peach,Party and Wedding,"S, M, L, XL, XXL",Floral embroidery,Three-quarter,Round,Cotton,"Straight-fit kurta with floral embroidery on yoke and borders, matching dupatta","Peach cotton kurta set with multi-color floral embroidery on yoke, sleeve borders, and hem",980,Images/P1041.jpg
P1042,Women,Western Wear,Jumpsuit,Grey,Casual,"XS, S, M, L, XL/XXXL",Solid,Sleeveless,Scoop,Cotton Jersey,"Sleeveless jumpsuit with scoop neck, drawstring waist, tapered legs","Grey marl sleeveless jumpsuit with scoop neckline, white drawstring tie at waist, tapered jogger-style legs",980,Images/P1042.jpg
P1043,Women,Tops,Blouse,White,Casual,"XS, S, M, L, XL",Floral Print,Half,Mandarin Collar,Viscose/Chiffon,"Button-front blouse with mandarin collar, half sleeves, and colorful abstract floral print",White base blouse with vibrant abstract floral print and mandarin collar with front button placket,1680,Images/P1043.jpg
P1044,Women,Dresses,Bodycon Tunic,Mustard Yellow,Casual,"XS, S, M, L, XL/XXXXL",Ribbed Knit,Full,Mock Neck,Ribbed Knit Fabric,"Fitted ribbed bodycon tunic with mock neck, long sleeves, and side slit","Mustard yellow ribbed knit bodycon tunic with mock turtleneck, full-length sleeves, and high side slit",2960,Images/P1044.jpg
P1045,Women,Ethnic,Kurta Set,Cream,Party and Wedding,"S, M, L, XL, XXL",Paisley/Printed,Three-quarter,Round,Rayon,"Straight-fit kurta with intricate paisley print, matching pants, and coordinating dupatta",Cream/beige kurta set with delicate pink and purple paisley and floral prints with tassel border dupatta,1150,Images/P1045.jpg
P1046,Women,Western Wear,Co-ord Set,Dusty Blue,Party/Semi-formal,"XS, S, M, L, XL/XXXXL",Solid,Puff/Three-quarter,Off-shoulder/Square,Satin,Off-shoulder puff-sleeve crop top with matching high-waist maxi skirt,Dusty blue satin two-piece co-ord set with off-shoulder gathered crop top and flowy maxi skirt,1140,Images/P1046.jpg
P1047,Women,Ethnic,Lehenga Choli,Green,Party and Wedding,"S, M, L, XL",Embroidered/Zari,Short,Sweetheart,Silk/Satin with Net,"Embroidered blouse with sweetheart neckline, green net lehenga skirt with gold zari motifs",Rich green lehenga choli with gold zari embroidery and contrasting red net dupatta,2010,Images/P1047.jpg
P1049,Women,Bottoms,Denim Culottes,Light Blue,Casual,"XS, S, M, L, XL",Solid Denim,N/A,N/A,Cotton Denim,"Paperbag waist denim culottes with ruffled elastic waistband, wide cropped legs",Light blue denim culottes with paperbag-style ruffled elastic waistband and wide cropped legs,5950,Images/P1049.jpg
P1050,Women,Western Wear,Blazer & Trouser Set,Maroon,Formal,"XS, S, M, L, XL",Solid,Full,Notched Lapel,Polyester/Viscose Blend,"Structured single-button blazer with padded shoulders, flap pockets, matching flared trousers",Maroon power suit with structured single-button blazer and matching flared trousers,5280,Images/P1050.jpg
P1051,Women,Tops,T-shirt,Black & White,Casual,"XS, S, M, L, XL/XXL",Gingham/Check,Short,Round,Cotton Jersey,"Casual t-shirt with gingham body, contrasting black raglan sleeves",Black and white gingham print t-shirt with solid black raglan sleeves and colorful piping trim,680,Images/P1051.jpg
P1052,Women,Ethnic,Anarkali Suit,Pink,Party,"S, M, L, XL, XXL",Embroidered,Full,Round,Georgette/Chiffon,"Floor-length anarkali with heavy white and gold embroidery, sheer sleeves",Pink floor-length anarkali suit with intricate white and gold embroidery and matching net dupatta,1450,Images/P1052.jpg
P1053,Women,Bottoms,Skinny Jeans,Dark Blue,Casual,"24, 26, 28, 30, 32",Solid Denim,N/A,N/A,Cotton/Elastane Blend,"Mid-rise skinny jeans with faded wash, cropped ankle length",Dark indigo skinny jeans with faded/washed finish and stretch denim,3560,Images/P1053.jpg
P1054,Women,Bottoms,Midi Skirt,Tan/Brown,Casual,"XS, S, M, L, XL",Micro Floral Print,N/A,N/A,Rayon/Viscose,"Pleated midi skirt with smocked elastic waistband, micro floral print, tiered ruffle hem",Tan/brown micro floral print pleated midi skirt with smocked elastic waistband and tiered ruffle hem,1200,Images/P1054.jpg
P1057,Women,Bottoms,Midi Skirt,White,Casual,"XS, S, M, L, XL/XXL",Solid,N/A,N/A,Cotton Blend,Minimalist straight-cut midi skirt with elasticated waistband and side slit detail,Classic white midi skirt with comfortable elasticated waist and subtle side slit,4950,Images/P1057.jpg
P1058,Women,Bottoms,Jeans,Pastel Multi,Casual,"26, 28, 30, 32, 34",Abstract Print,N/A,N/A,Cotton Denim,"Straight-leg jeans featuring pastel swirl abstract print in lavender, peach, mint, and yellow tones",Statement pair of straight-fit denim jeans with playful pastel abstract swirl pattern,900,Images/P1058.jpg
P1059,Women,Dresses,Jumpsuit,Hot Pink,Party,"XS, S, M, L, XL",Printed,Three-quarter,One-shoulder,Rayon,"One-shoulder jumpsuit with gathered elastic waist, drawstring tie with tassel detail",Vibrant hot pink one-shoulder jumpsuit with delicate micro print pattern and breezy wide-leg silhouette,850,Images/P1059.jpg
P1060,Women,Tops,Shrug/Jacket,Off-White,Casual,"S, M, L, XL",Ikat Print,Three-quarter,Open Front (No Closure),Cotton,Open-front cropped shrug with bold multicolored ikat diamond motifs,"Vibrant ikat-print open-front shrug with bold geometric diamond patterns in red, teal, navy, and orange",4410,Images/P1060.jpg
P1061,Women,Tops,Sleeveless Top,Black,Casual/Semi-Formal,"XS, S, M, L, XL/XXXXL",Solid,Sleeveless,Round Neck,Cotton,Tailored sleeveless button-through top with round neckline and contrast white buttons,Classic black sleeveless cotton top with round neckline and full front button closure,1430,Images/P1061.jpg
P1062,Women,Ethnic,Kurta,Magenta/Rani Pink,Party and Wedding,"S, M, L, XL, XXL",Embroidered,Full Sleeve,V-Neck,Organza/Silk Blend,Floor-length anarkali-style kurta with elaborate tonal thread embroidery and sequin embellishments,Stunning magenta organza suit set with intricate tonal embroidery and matching sheer dupatta,1700,Images/P1062.jpg
P1063,Women,Ethnic,Kurta,Mustard Yellow,Party and Wedding,"S, M, L, XL, XXL",Chikankari Embroidered,Full Sleeve,Round Neck,Cotton,Straight-cut kurta with intricate white chikankari embroidery on yoke,Beautiful mustard yellow cotton suit set with traditional Lucknowi chikankari embroidery and tassel details,5330,Images/P1063.jpg
P1064,Women,Ethnic,Kurta,Bright Yellow,Party and Wedding,"S, M, L, XL, XXL",Embroidered,Three-quarter,V-Neck with Placket,Cotton/Silk Blend,"Straight kurta with white lace trim, paired with lace-trimmed pants and sheer organza dupatta",Radiant bright yellow suit set with lace detailing and stunning sheer organza dupatta with floral embroidery,3380,Images/P1064.jpg
P1065,Women,Tops,Hoodie,Navy Blue/Grey/Royal Blue,Casual,"S, M, L, XL",Colorblock,Full Sleeve,Hooded with Drawstring,Cotton Fleece,Colorblock pullover hoodie with geometric paneling,"Trendy colorblock pullover hoodie combining navy blue, heather grey, and royal blue panels",2230,Images/P1065.jpg
P1066,Women,Tops,Sweater,White with Speckles,Casual,"S, M, L, XL",Speckled/Melange,Full Sleeve,V-Neck,Acrylic/Wool Blend Knit,Relaxed-fit V-neck sweater in white melange knit with multicolored speckle flecks,Cozy V-neck pullover sweater in white melange knit with multicolored speckle details,3730,Images/P1066.jpg
P1067,Women,Tops,Cropped Sweatshirt,Black,Casual,"XS, S, M, L, XL",Solid with Text Detail,Full Sleeve,Round Neck,Cotton Fleece,Relaxed-fit cropped sweatshirt with ISOLATION text on left sleeve cuff,Minimalist black cropped sweatshirt with ISOLATION text branding on the left sleeve,1960,Images/P1067.jpg
P1068,Women,Outerwear,Quilted Jacket,Navy Blue,Casual,"S, M, L, XL",Camo Print,Full Sleeve,Stand Collar,Polyester (Padded),Fitted quilted puffer jacket with navy blue camouflage print,Stylish navy blue quilted puffer jacket with tonal camouflage print and gold-tone front zipper,1200,Images/P1068.jpg
P1069,Women,Ethnic,Saree,Bright Yellow,Party and Wedding,Free Size (5.5 meters),Solid with Zari Border,N/A,N/A,Art Silk,Lustrous art silk saree in vibrant bright yellow with wide gold zari border,Radiant bright yellow art silk saree with wide gold zari border and horizontal stripe detailing,1200,Images/P1069.jpg
P1070,Women,Tops,Shirt + Skirt Co-ord Set,Light Green,Casual,"XS, S, M, L, XL",Solid with Floral Inner,Short Sleeve,Collared (Shirt Style),Linen Blend,Two-piece co-ord set with oversized short-sleeve shirt and matching wrap-front mini skirt,Fresh light green linen-blend co-ord set with oversized shirt layered over floral-print camisole,2190,Images/P1070.jpg
P1071,Women,Dresses,Midi Dress,Peach Pink,Casual/Semi-Formal,"XS, S, M, L, XL/XXXL",Floral Print,Three-quarter,Round Neck,Rayon,Flared A-line midi dress in soft peach pink with scattered floral motifs,Graceful peach pink midi dress with delicate floral motifs and flowy A-line silhouette,610,Images/P1071.jpg
P1072,Women,Ethnic,Kurta ,Hot Pink,Party and Wedding,"S, M, L, XL, XXL",Solid with Lace Border,Three-quarter,Round Neck,Cotton,Straight-cut solid hot pink kurta with sheer organza dupatta with lace scalloped edging,Vibrant hot pink cotton suit set with delicate lace scalloped borders on organza dupatta,1640,Images/P1072.jpg
P1073,Women,Ethnic,Kurti,Maroon/Burgundy,Casual/Semi-Formal,"S, M, L, XL, XXL",Striped,Three-quarter,Boat Neck,Cotton,Straight longline kurti with thin vertical gold-toned stripes on rich maroon base,Sophisticated maroon cotton kurti with thin vertical gold-toned stripes and boat neckline,4650,Images/P1073.jpg
P1074,Women,Ethnic,Kurta (Longline Top),Maroon/Burgundy,Party and Wedding,"S, M, L, XL",Vertical Stripes,Three-quarter,Boat Neck,Cotton,A-line longline kurta in rich maroon with fine vertical cream/off-white stripes,Timeless maroon cotton kurta with fine vertical cream stripes and boat neckline,6600,Images/P1074.jpg
P1075,Women,Ethnic,Kurta ,Beige/Cream,Party and Wedding,"S, M, L, XL, XXL",Embroidered with Contrast Dupatta,Three-quarter,Mandarin Collar,Cotton/Art Silk Blend,"Straight-cut beige kurta with self-texture, paired with teal dupatta with gold zari woven motifs","Elegant beige suit set with self-textured kurta, tapered pants, and stunning teal dupatta",2790,Images/P1075.jpg
P1076,Women,Ethnic,Lehenga Choli,Peach,Party and Wedding,"XS, S, M, L, XL/XXXXL",Embroidered,Half,Round,Silk Blend,Traditional Indian ethnic wear with intricate zardozi and floral embroidery,Gorgeous peach lehenga choli set with heavy gold and pink floral embroidery and sage green net dupatta,2600,Images/P1076.jpg
P1077,Women,Dresses,Bodycon Dress,Black,Casual,"XS, S, M, L, XL",Checked,Sleeveless,Spaghetti Strap,Cotton Blend,"Contemporary bodycon dress with white windowpane check pattern, lace trim",Chic black bodycon mini dress with white windowpane grid check pattern and crochet lace trim,2110,Images/P1077.jpg
P1079,Women,Loungewear,Co-ord Set,Burgundy,Loungewear,"S, M, L, XL",Solid,Short,Round,Cotton Fleece,Comfortable raglan-sleeve sweatshirt paired with matching drawstring shorts,Cozy burgundy co-ord loungewear set with raglan short-sleeve sweatshirt and elasticated-waist shorts,1160,Images/P1079.jpg
P1080,Women,Sets,Crop Top and Skirt Set,White,Casual,"XS, S, M, L, XL",Floral,Sleeveless,Halter,Rayon,Breezy two-piece set with halter-neck crop top and flowy elasticated-waist maxi skirt,Beautiful white two-piece set with halter-neck cropped camisole top and matching flowy maxi skirt,1290,Images/P1080.jpg
P1081,Women,Tops,Peplum Top,Black,Casual,"XS, S, M, L, XL",Floral,Sleeveless,V-Neck,Rayon,"Feminine peplum camisole top with spaghetti straps, button-front V-neckline, tiered ruffle hem",Stunning black sleeveless peplum top with colorful floral and paisley-inspired print,5490,Images/P1081.jpg
P1082,Women,Outerwear,Zip-Up Hoodie,Pink,Casual,"S, M, L, XL, XXL",Solid,Full,Hooded,Cotton Polyester Blend,Oversized full-zip hoodie with kangaroo pocket and printed text graphic,Vibrant hot pink full-zip hoodie with oversized fit and Absolutely Dreamer text graphic,1940,Images/P1082.jpg
P1083,Women,Ethnic,Kurta Set with Dupatta,White,Party and Wedding,"S, M, L, XL",Embroidered,Three-Quarter,Mandarin,Cotton,Elegant white straight-cut kurta with gold thread and mirror work embroidery on yoke,Sophisticated white cotton kurta set with gold thread embroidery and golden organza dupatta,2460,Images/P1083.jpg
P1084,Women,Tops,Sweatshirt,Pink,Casual,"S, M, L, XL/XXXL",Graphic,Full,Round,Cotton Polyester Blend,Lightweight pink crew-neck sweatshirt with Mickey and Minnie Mouse graphic print,Soft light pink crew-neck sweatshirt with whimsical Mickey and Minnie Mouse illustration,600,Images/P1084.jpg
P1085,Women,Ethnic,Lehenga Choli,Mint Green,Party and Wedding,"XS, S, M, L, XL",Embroidered,Short,Round,Net and Silk,Lavish mint green net lehenga choli with extensive floral embroidery and sequin work,Breathtaking mint green lehenga choli with heavy floral embroidery and scalloped embroidered edges,890,Images/P1085.jpg
P1086,Women,Bottoms,Maxi Skirt,White,Casual,"XS, S, M, L, XL/XXXL",Floral Lace,N/A,N/A,Lace,Elegant white lace A-line maxi skirt with elasticated waistband and full floral lace overlay,Stunning white lace maxi skirt with A-line silhouette and full-length floral lace overlay,1010,Images/P1086.jpg
P1087,Women,Formal,Blazer and Trouser Set,Rose Pink,Formal,"XS, S, M, L, XL",Solid,Full,Notch Lapel,Polyester Blend,Tailored single-button blazer with notched lapels and patch pockets,Polished rose pink two-piece power suit with single-button blazer and straight-leg trousers,4270,Images/P1087.jpg
P1088,Women,Tops,Tunic Top,Peach,Casual,"XS, S, M, L, XL",Embroidered,Full,V-Neck,Cotton,Bohemian-style peach peplum tunic top with white floral embroidery on yoke,Charming peach bohemian tunic top with white floral embroidery and flowy peplum hem,860,Images/P1088.jpg
P1089,Women,Ethnic,Kurta Set with Dupatta,Pink,Party and Wedding,"S, M, L, XL/XXXL",Embroidered,Full,V-Neck,Chanderi Silk,Graceful pink straight-cut kurta with self-weave pattern and silver gota patti embroidery,Lovely pink kurta set with self-woven geometric pattern and silver gota patti embroidery,960,Images/P1089.jpg
P1090,Women,Bottoms,Cropped Pants,Multi,Casual,"XS, S, M, L, XL",Striped,N/A,N/A,Cotton Linen,"Relaxed-fit cropped pants with vertical pastel stripes in blue, yellow, and white","Breezy cropped-length pants with vertical stripes in light blue, soft yellow, and white",1130,Images/P1090.jpg
P1091,Women,Sets,Crop Top and Skirt Set,Light Blue,Party,"XS, S, M, L",Solid,Sleeveless,Straight Neck,Rayon Spandex,Trendy two-piece set with ruched spaghetti-strap crop top and matching bodycon mini skirt,Stylish light blue two-piece set with fitted spaghetti-strap crop top and ruched bodycon mini skirt,3380,Images/P1091.jpg
P1092,Women,Formal,Blazer,Black,Formal,"XS, S, M, L, XL",Solid,Full,Notch Lapel,Polyester Blend,Classic single-button tailored black blazer with notched lapels and flap pockets,"Timeless black single-button blazer with tailored fit, notched lapels, and structured shoulders",4360,Images/P1092.jpg
P1093,Women,Loungewear,Co-ord Set,Green,Casual,"S, M, L, XL/XXXXL",Solid,Short,Round,Cotton Terry,Relaxed-fit matching t-shirt and shorts co-ord set in soft cotton terry,Refreshing pistachio green co-ord set with relaxed-fit t-shirt and matching shorts,3280,Images/P1093.jpg
P1094,Women,Bottoms,Midi Skirt,Multi,Casual,"XS, S, M, L, XL",Floral,N/A,N/A,Rayon,"Flowy floral print midi skirt with elasticated waist, asymmetric wrap-style hem",Romantic floral print midi skirt with dense ditsy flower pattern and elasticated waistband,3820,Images/P1094.jpg
P1095,Women,Tops,Tunic/Kurti,Grey-Blue,Casual,Not visible,Paisley,3/4 Sleeve,V-Neck,Rayon,A-line gathered tunic with peasant-style fit,Grey-blue tunic kurti with all-over paisley block print motif and gathered empire waist,4340,Images/P1095.jpg
P1096,Women,Tops,Crop Top,Mint Green,Casual,Not visible/XXL,Solid,Cap Sleeve,Round Neck,Ribbed Cotton Blend,Trendy cropped ribbed top with side cutout and tie-up detail,Mint green ribbed knit crop top with side cutout and drawstring tie-up detail,1330,Images/P1096.jpg
P1097,Women,Ethnic,Kurta,Navy Blue,Party and Wedding,Not visible/XXL,Floral,3/4 Sleeve,Round Neck,Cotton/Rayon,Flared anarkali kurta with matching pants and dupatta,"Navy blue anarkali suit set with all-over red, pink, and white floral print",1390,Images/P1097.jpg
P1098,Women,Ethnic,Kurta,Navy Blue,Party and Wedding,Not visible/XXXL,Solid with Embroidery,3/4 Sleeve,Mandarin Collar,Silk Blend,Straight-cut kurta with heavily embellished sheer dupatta,Navy blue straight-cut kurta with grey sheer organza dupatta and intricate silver embroidery,4860,Images/P1098.jpg
P1099,Women,Ethnic,Lehenga Choli Set,Green,Party and Wedding,Not visible/XXXL,Floral/Traditional Motifs,Sleeveless,Sweetheart Neck,Silk/Brocade,Traditional lehenga with embroidered blouse and brocade dupatta,Rich bottle green lehenga choli set with gold and green floral brocade work,2370,Images/P1099.jpg
P1100,Women,Bottoms,Jeans,Grey,Casual,Not visible/XXXXL,Solid with Wash Effect,N/A,N/A,Denim Cotton,Slim-fit faded grey denim jeans,Grey slim-fit denim jeans with faded acid-wash effect and subtle distressing,1050,Images/P1100.jpg
P1101,Women,Bottoms,Wide-Leg Pants,Blue,Casual,Not visible/XXXL,Solid,N/A,N/A,Rayon/Cotton Blend,Elasticated-waist comfortable wide-leg pants,Mid-blue wide-leg pants with comfortable elasticated ribbed waistband,920,Images/P1101.jpg
P1103,Women,Bottoms,Flared Pants,Green,Casual/Party,Not visible,Ombre/Gradient,N/A,N/A,Ribbed Knit Polyester/Spandex,High-waist ombr? flared pants with gradient effect,High-waisted ribbed knit flared pants with striking green ombr? gradient,1520,Images/P1103.jpg
P1104,Women,Ethnic Accessories,Kurta,Blue and Beige,Party and Wedding,Not visible/XXXXL,Striped/Geometric,N/A,N/A,Cotton,Handloom cotton dupatta with striped and chevron patterns,Handloom cotton dupatta with navy blue and beige vertical stripes and chevron borders,2390,Images/P1104.jpg
P1105,Women,Ethnic,Kurta,Maroon,Party and Wedding,"S, M, L, XL, XXL",Striped,Three-quarter,Round with V-notch,Cotton Blend,Embroidered yoke with gathered waist,Maroon wine kurta with intricate white embroidery on yoke and subtle vertical gold-toned stripes,1610,Images/P1105.jpg
P1106,Women,Western,Crop Top,Black and White,Casual/Party,"XS, S, M, L, XL/XXXXL",Abstract Geometric,Full with puff shoulders,V-neck,Polyester,Bold graphic print crop top with voluminous sleeves,Striking black and white crop top with bold abstract leaf/petal print and voluminous bishop sleeves,4650,Images/P1106.jpg
P1107,Women,Ethnic,Kurta Set,Pink,Party and Wedding,"S, M, L, XL, XXL",Solid with Embroidery,Three-quarter,Keyhole,Cotton Silk,Embroidered festive kurta with dupatta and palazzo,Vibrant pink kurta set with elaborate gold and beige embroidery on yoke in chevron pattern,1430,Images/P1107.jpg
P1108,Women,Ethnic,Kurta Set,Beige/Gold,Party and Wedding,"S, M, L, XL",Solid with Shimmer,Three-quarter,V-neck,Shimmer Fabric,Elegant shimmer kurta with printed dupatta,Elegant beige-gold shimmer kurta set with cream-white dupatta with delicate floral print,3160,Images/P1108.jpg
P1109,Women,Western,Cardigan,Red,Casual,"XS, S, M, L, XL, XXL",Solid,Full,V-neck,Wool/Acrylic Blend,Classic button-front knit cardigan,Classic red women's cardigan in fine knit with V-neckline and front button closure,3810,Images/P1109.jpg
P1110,Women,Ethnic,Lehenga Choli,Black,Party and Wedding,"S, M, L, XL",Embroidered,Short,Round,Cotton/Art Silk,Traditional embroidered lehenga with dupatta,"Stunning black lehenga choli set with colorful traditional embroidery in pink, orange, yellow, and white",1600,Images/P1110.jpg
P1111,Women,Western,Sweatshirt,Navy Blue,Casual,"XS, S, M, L, XL",Solid,Full with puffed shoulders,Round,Cotton/Cotton Blend,Puffed shoulder sweatshirt with matching joggers,Navy blue sweatshirt with distinctive puffed gathered shoulders and matching navy jogger pants,780,Images/P1111.jpg
P1112,Women,Western,Track Jacket,Red,Casual,"XS, S, M, L, XL/XXL",Solid with Graphic Detail,Full,Stand Collar,Polyester Fleece,Full-zip athletic track jacket with branded details,Red Puma track jacket with iconic Puma cat logo and bold geometric graphic print on left sleeve,1250,Images/P1112.jpg
P1113,Women,Ethnic,Kurta Set,Light Green,Party and Wedding,"S, M, L, XL, XXL",Floral Printed,Three-quarter,Round with V-notch,Cotton,Printed floral kurta with dupatta and palazzo,Refreshing light green kurta set with beautiful floral print and golden border detail dupatta,5830,Images/P1113.jpg
P1114,Women,Bottoms,Mini Skirt,Olive Green,Party,Not visible/XXXL,Solid,N/A,N/A,PU/Patent Leather,High-waisted glossy mini skirt with front zipper and silver ring-pull detail,Olive green patent leather mini skirt with prominent front zipper closure and glossy wet-look finish,2170,Images/P1114.jpg
P1115,Women,Bottoms,Midi Skirt,Red,Casual,Not visible,Floral,N/A,N/A,Viscose/Rayon,A-line midi skirt with all-over red floral print and high side slit,Red floral print midi skirt in A-line silhouette with dense red flower motifs and side slit,940,Images/P1115.jpg
P1116,Women,Bottoms,Palazzo Pants,Navy Blue,Casual,Not visible/XXXXL,Striped,N/A,N/A,Cotton/Linen Blend,Wide-leg palazzo pants with vertical white stripes and matching self-tie waist belt,Navy blue and white vertically striped palazzo pants with self-tie fabric belt,920,Images/P1116.jpg
P1117,Women,Bottoms,Cropped Jeans,Ice Blue,Casual,Not visible/XXXL,Solid,N/A,N/A,Cotton Denim,Light-wash cropped straight-leg jeans with classic five-pocket design,Ice blue light-wash cropped jeans in straight-leg silhouette with button-and-zip fly,3010,Images/P1117.jpg
P1118,Women,Tops,Sweatshirt,Pink,Casual,Not visible/XXXL,Solid,Full Sleeves,V-Neck with Hood,Cotton Fleece/Jersey,Oversized cropped V-neck hoodie sweatshirt with dropped shoulders,Light pink V-neck cropped hoodie sweatshirt with oversized relaxed fit and dropped shoulders,1520,Images/P1118.jpg
P1119,Women,Ethnic,Palazzo Set with Dupatta,Red,Party,Not visible,Printed,N/A,N/A,Cotton Blend,Printed kurta with matching palazzo pants and solid red dupatta,Women's red printed ethnic palazzo set with traditional teardrop/paisley print and metallic embellishments,880,Images/P1119.jpg
P1120,Unisex,Tops,Sweatshirt,Olive Green,Casual/Sports,Not visible,Solid with Logo,Full Sleeves,Round Neck (Crew),Cotton/Fleece Blend,Oversized crew neck sweatshirt with bold PUMA wordmark logo,Olive green PUMA crew neck sweatshirt with large black block letters and oversized fit,1600,Images/P1120.jpg
P1121,Women,Bottoms,Cargo Jeans,Dark Blue,Casual,Not visible,Solid,N/A,N/A,Cotton Denim,"Relaxed-fit denim cargo pants with elastic drawstring waist, side cargo pockets",Dark wash denim cargo pants with elasticated drawstring waist and large flap cargo pockets,2170,Images/P1121.jpg
P1122,Women,Ethnic,Dupatta/Stole,Red,Party,Free Size,Solid with Border,N/A,N/A,Silk/Art Silk,Sheer red silk dupatta with rich gold zari border,Red silk dupatta with lustrous gold zari border and subtle self-striped texture,1420,Images/P1122.jpg
P1123,Women,Ethnic,Lehenga Choli Set,Pink,Party and Wedding,Not visible,Solid with Pearl Embellishment,Full Sheer Sleeve,Off-Shoulder/Boat Neck,Net/Tulle with Organza,Modern ruffled lehenga set with pearl-studded net layers,Baby pink lehenga choli set with off-shoulder blouse featuring pearl bead embellishments,2880,Images/P1123.jpg
P1124,Women,Ethnic,Kurta with Palazzo Set,Navy Blue,Party and Wedding,Not visible,Gold Foil Print,3/4 Sleeve,Round Neck,Rayon,Asymmetrical hem kurta with printed palazzo pants,Navy blue asymmetrical hem kurta with gold foil floral print and V-shaped handkerchief hemline,790,Images/P1124.jpg
P1125,Women,Bottoms,Trousers,Yellow,Casual/Semi-Formal,Not visible,Striped,N/A,N/A,Cotton/Viscose Blend,Paperbag-waist tie-up trousers with vertical stripes,Pale yellow paperbag-waist trousers with thin white vertical pinstripes and self-fabric tie belt,1510,Images/P1125.jpg
P1126,Women,Tops,Cold Shoulder Top,Maroon,Casual,Not visible,Abstract/Lace Print,3/4 Cold Shoulder,Mandarin/Band Collar,Rayon/Viscose,Printed cold shoulder tunic with button-front and cutout shoulders,Maroon and light pink printed cold shoulder top with bold abstract pattern and front button closures,2370,Images/P1126.jpg
P1127,Women,Western Wear,Shrug,Navy Blue,Casual,"S, M, L, XL",Solid,Full Sleeves,V-Neck,Cotton Blend,Open-Front Long,Navy blue longline open-front shrug with full sleeves.,1460,Images/P1127.jpg
P1128,Women,Western Wear,Top,White,Casual,"S, M, L, XL, XXL",Striped,3/4th Sleeves,Round Neck,Cotton,Boho Tunic,White cotton tunic top with thin vertical red and grey stripes.,7400,Images/P1128.jpg
P1129,Women,Western Wear,Jeans,Blue,Casual,"26, 28, 30, 32, 34/XXXXL",Solid,NA,NA,Denim,Slim Fit Ankle,"Blue denim slim-fit ankle-length jeans, mid-rise waist.",4510,Images/P1129.jpg
P1130,Women,Ethnic Wear,Kurta Set,White,Party and Wedding,"S, M, L, XL/XXXL",Embroidered,3/4th Sleeves,Round Neck,Cotton,Embroidered,White cotton kurta set with gold threadwork and chikankari embroidery.,780,Images/P1130.jpg
P1131,Women,Ethnic Wear,Kurta Set,Orange,Party and Wedding,"S, M, L, XL/XXXXL",Printed,3/4th Sleeves,Keyhole Neck,Art Silk,Brocade,"Orange art silk kurta with gold zari brocade motifs, keyhole neckline.",1110,Images/P1131.jpg
P1132,Women,Ethnic Wear,Kurta Set,Orange,Party and Wedding,"S, M, L, XL, XXL",Embroidered,Three-quarter sleeves,Round neck,Silk Blend,Traditional,"Orange silk blend kurta with pink embroidery, magenta palazzos.",4620,Images/P1132.jpg
P1133,Women,Western Wear,Palazzo Pants,Blue,Casual,"S, M, L, XL",Tie-Dye,N/A,N/A,Crinkle Crepe,Contemporary,"Blue tie-dye palazzo pants with elastic waistband, wide leg.",5250,Images/P1133.jpg
P1134,Women,Ethnic Wear,Kurta Set,Pink,Party and Wedding,"S, M, L, XL, XXL",Brocade,Half sleeves,Round neck,Art Silk,Traditional,"Pink brocade kurta with gold polka dots, navy palazzos and dupatta.",6690,Images/P1134.jpg
P1135,Women,Western Wear,Jeans,Blue,Casual,"26, 28, 30, 32, 34",Solid,N/A,N/A,Denim,Contemporary,Dark blue denim wide-leg jeans with front patch pockets.,2630,Images/P1135.jpg
P1136,Women,Ethnic Wear,Kurta,White,Party and Wedding,"S, M, L, XL, XXL",Embroidered,Three-quarter sleeves,V-neck,Cotton,Traditional,"White cotton kurta with chikankari embroidery, grey and black net dupatta.",4720,Images/P1136.jpg
P1138,Women,Western Wear,Jumpsuit,Olive Green,Casual,"XS, S, M, L, XL/XXXXL",Solid,Cap Sleeves,Notched Collar,Crepe,Contemporary,"Olive green jumpsuit with notched collar, tie-up waist, wide leg.",1000,Images/P1138.jpg
P1139,Women,Ethnic Wear,Kurta Set,Beige,Party and Wedding,"S, M, L, XL, XXL",Floral Print,Three-Quarter Sleeves,Round Neck,Cotton,Ethnic,"Beige cotton kurta set with floral print, palazzos and dupatta.",670,Images/P1139.jpg
P1140,Women,Ethnic Wear,Saree,Orange,Party and Wedding,Free Size/XXXXL,Floral Print,Short Sleeves,V-Neck,Georgette,Contemporary,Orange and yellow ombre floral print georgette saree.,2480,Images/P1140.jpg
P1141,Women,Bottomwear,Skirt,Rust Orange,Casual,"XS, S, M, L, XL/XXXXL",Floral Print,N/A,N/A,Cotton,Bohemian,"Rust orange A-line midi skirt with daisy floral print, button-down.",1130,Images/P1141.jpg
P1142,Women,Ethnic Wear,Saree,Dark Green,Party and Wedding,Free Size,Buttis,Elbow Sleeve,Round,Silk,Traditional,"Dark green silk saree with red and gold zari border, butta motifs.",1190,Images/P1142.jpg
P1143,Women,Ethnic Wear,Saree,Pink,Party and Wedding,Free Size/XXXXL,Floral,Elbow Sleeve,Round,Silk,Banarasi,Rani pink Banarasi silk saree with gold zari floral motifs.,2680,Images/P1143.jpg
P1144,Women,Western Wear,Skirt,White,Casual,"S, M, L, XL/XXL",Floral,NA,NA,Rayon,A-Line,White midi A-line skirt with red and pink rose floral print.,2680,Images/P1144.jpg
P1146,Women,Western Wear,Jumpsuit,Black,Party,"S, M, L, XL",Solid,Sleeveless,Keyhole Neck,Crepe,Contemporary,Black sleeveless crepe jumpsuit with keyhole neckline.,3460,Images/P1146.jpg
P1147,Women,Bottomwear,Jeans,Black,Casual,"XS, S, M, L, XL/XXXL",Solid,Sleeveless,N/A,Cotton Denim,High-Waisted Straight,"Black high-waisted straight-fit jeans, cropped ankle.",4750,Images/P1147.jpg
P1150,Women,Ethnic Wear,Kurta Set,Maroon,Party and Wedding,"XS, S, M, L, XL/XXXL",Solid,Full Sleeve,V-Neck,Cotton Silk,A-Line,"Maroon cotton silk A-line kurta with puffed sleeves, matching palazzos.",2460,Images/P1150.jpg
P1151,Women,Western Wear,Jumpsuit,Olive Green,Casual,"XS, S, M, L, XL",Plaid,Sleeveless,Halter Neck,Cotton,Smocked Bodice,"Olive green halter-neck jumpsuit with smocked bodice, plaid print.",1390,Images/P1151.jpg
P1152,Women,Suit,Co-ord Set,Maroon,Formal,"S, M, L, XL",Solid,Three-Four Sleeves,Collar,Polyester Crepe,Contemporary,Maroon co-ord set with button-down shirt and straight trousers.,2160,Images/P1152.jpg
P1153,Women,Top,Tunic,Yellow,Casual,"S, M, L, XL, XXL",Floral Print,Three-Four Sleeves,Round,Crepe,Casual Chic,"Bright yellow tunic with pink and peach floral print, bell sleeves.",1480,Images/P1153.jpg
P1154,Women,Bottom,Palazzo Pants,Blue,Casual,"S, M, L, XL",Striped,NA,NA,Cotton Blend,Streetwear,Navy blue wide-leg palazzos with thin vertical white stripes.,1430,Images/P1154.jpg
P1155,Women,Suit,Kurta Set,Grey,Party and Wedding,"S, M, L, XL, XXL",Printed,Three-Four Sleeves,Round with Keyhole,Art Silk,Ethnic,"Grey striped kurta with floral motifs, red salwar, matching dupatta.",5080,Images/P1155.jpg
P1156,Women,Suit,Kurta Set,Mint Green,Party and Wedding,"S, M, L, XL/XXXL",Embroidered,Three-Four Sleeves,Round,Chanderi Silk,Traditional Elegant,"Mint green chanderi silk kurta set with floral embroidery, zari dupatta.",1340,Images/P1156.jpg
P1157,Women,Ethnic Wear,Kurta Set,Steel Blue,Party and Wedding,"S, M, L, XL, XXL",Embroidered,Three-Quarter Sleeves,Notched Neck,Cotton Blend,Traditional,"Steel blue embroidered kurta set with gold floral motifs, palazzos.",6980,Images/P1157.jpg
P1158,Women,Ethnic Wear,Kurta Set,Grey,Party and Wedding,"S, M, L, XL, XXL",Embroidered,Three-Quarter Sleeves,V-Notch Neck,Art Silk,Contemporary Ethnic,"Charcoal grey art silk kurta with gold embroidered yoke, palazzos.",1380,Images/P1158.jpg
P1159,Women,Ethnic Wear,Kurta Set with Dupatta,White,Party and Wedding,"S, M, L, XL, XXL",Solid,Short Sleeves,Mandarin Collar,Cotton,Traditional,"White cotton angrakha-style kurta, white churidar, peach dupatta.",1010,Images/P1159.jpg
P1160,Women,Ethnic Wear,Kurta Set,Yellow,Party and Wedding,"S, M, L, XL, XXL",Printed,Bell Sleeves,V-Neck,Cotton,Contemporary Ethnic,"Bright yellow cotton kurta with white floral print, dhoti palazzos.",4260,Images/P1160.jpg
P1161,Women,Western Wear,Shorts,Beige,Casual,"XS, S, M, L, XL",Solid,N/A,N/A,Cotton,Casual,"High-waisted beige cotton shorts with front pleats, button closure.",3180,Images/P1161.jpg
P1162,Women,Ethnic Wear,Lehenga Choli,Light Green,Party and Wedding,"S, M, L, XL, XXL",Embroidered,Short Sleeve,Round Neck,Silk and Net,Traditional,Light green silk lehenga choli with gold zari embroidery.,1140,Images/P1162.jpg
P1163,Women,Western Wear,Hoodie,Black,Casual,"XS, S, M, L, XL",Solid,Full Sleeve,Hooded,Cotton Blend,Athleisure,Black full-zip hoodie with kangaroo pockets.,4830,Images/P1163.jpg
P1164,Women,Ethnic Wear,Saree,Black and Red,Party and Wedding,Free Size,Floral Printed,Sleeveless,N/A,Art Silk,Traditional,Black and red art silk saree with floral print.,2450,Images/P1164.jpg
P1165,Women,Ethnic Wear,Kurta Set,Mustard Yellow,Party and Wedding,"S, M, L, XL, XXL",Solid with Mirror Work,Three-Quarter Sleeve,Keyhole Neck,Cotton,Indo-Western,Mustard yellow kurta with mirror work.,500,Images/P1165.jpg
P1166,Women,Ethnic Wear,Kurta with Palazzo,White,Party and Wedding,"S, M, L, XL, XXL",Floral Printed,Three-Quarter Sleeve,Round Neck with Keyhole,Cotton,Contemporary Ethnic,White cotton kurta with floral print.,850,Images/P1166.jpg
P1167,Women,Ethnic Wear,Kurta Set,Sea Green,Party and Wedding,"S, M, L, XL, XXL",Floral Embroidered,Three-Quarter,Round Neck,Cotton Blend,Traditional,Sea green kurta with embroidered dupatta.,1550,Images/P1167.jpg
P1168,Women,Bottomwear,Casual Pants,Pink,Casual,"XS, S, M, L, XL/XXXXL",Striped,NA,NA,Cotton,Casual,Pink and yellow striped casual pants.,4780,Images/P1168.jpg
P1169,Women,Western Wear,Dress,Black,Party,"XS, S, M, L, XL",Polka Dot,Short Sleeve,Round Neck,Velvet and Tulle,Party Wear,Black velvet dress with gold polka dots.,1090,Images/P1169.jpg
P1171,Women,Western Wear,Pencil Skirt,Olive Green,Formal,"XS, S, M, L, XL/XXXL",Solid,NA,NA,Cotton Blend,Formal,Olive green pencil skirt.,4450,Images/P1171.jpg
P1172,Women,Ethnic Wear,Kurta,Pink,Party and Wedding,"S, M, L, XL, XXL",Geometric Ikat,Three-Quarter Sleeves,Round Neck,Cotton,Straight Fit,Pink kurta with geometric ikat print.,2040,Images/P1172.jpg
P1173,Women,Ethnic Wear,Kurta Set with Dupatta,Black,Party and Wedding,"S, M, L, XL, XXL",Floral Tree Print,Three-Quarter Sleeves,Round Neck,Art Silk,A-Line,Black kurta with red tree motifs.,1620,Images/P1173.jpg
P1174,Women,Western Wear,Co-ord Set,Orange,Casual,"XS, S, M, L, XL/XXXXL",Striped,Puff Sleeves,Off-Shoulder,Cotton Blend,High-Low Skirt Set,Orange striped off-shoulder crop top.,4900,Images/P1174.jpg
P1175,Women,Western Wear,Top,Black,Party,"XS, S, M, L, XL/XXXXL",Chevron Sequin,Sleeveless,Round Neck,Chiffon,Tiered Ruffle,Black chiffon top with sequin chevron.,3250,Images/P1175.jpg
P1176,Women,Ethnic Wear,Kurta Set with Dupatta,White,Party and Wedding,"S, M, L, XL, XXL",Polka Dot,Three-Quarter Sleeves,Split Neck,Cotton,Straight Fit,"White kurta, black pants, polka dot dupatta.",2370,Images/P1176.jpg
P1177,Women,Topwear,Peplum Top,Navy Blue,Casual,"S, M, L, XL, XXL",Floral,Bell Sleeves,Round Neck,Rayon,Peplum,Navy blue floral peplum top.,2420,Images/P1177.jpg
P1178,Women,Topwear,Crop Top,Mint Green,Casual,"XS, S, M, L, XL/XXXL",Solid,Sleeveless,V-Neck,Cotton Blend,Wrap,Mint green sleeveless crop top.,5340,Images/P1178.jpg
P1179,Women,Ethnic Wear,Kurta Set,Red,Party and Wedding,"S, M, L, XL, XXL",Embroidered,Three-Quarter Sleeves,Round Neck,Cotton,A-Line,Red kurta with white embroidery.,1410,Images/P1179.jpg
P1180,Women,Bottomwear,Skirt,Black,Casual,"XS, S, M, L, XL/XXXXL",Solid,NA,NA,Cotton,A-Line,Black A-line midi skirt.,1770,Images/P1180.jpg
P1181,Women,Outerwear,Jacket,Maroon,Casual,"S, M, L, XL, XXL",Solid,Full Sleeves,Notched Lapel,Faux Leather,Biker,Maroon faux leather biker jacket.,1620,Images/P1181.jpg
P1182,Women,Western Wear,Cardigan,Pink,Casual,"S, M, L, XL",Solid,Full Sleeve,V-Neck,Acrylic Blend,Open Front Ribbed Knit,Pink ribbed knit cardigan.,880,Images/P1182.jpg
P1184,Women,Western Wear,Jeans,Blue,Casual,"S, M, L, XL/XXL",Printed,N/A,N/A,Cotton Denim,Wide Leg,Light blue wide-leg jeans.,3100,Images/P1184.jpg
P1186,Women,Western Wear,T-Shirt,Black,Casual,"XS, S, M, L, XL",Graphic Print,Cap Sleeve,Round Neck,Cotton,Cropped,Black cropped t-shirt with graphic.,910,Images/P1186.jpg
P1187,Women,Ethnic,Kurta Set,Olive Green,Party and Wedding,"S, M, L, XL, XXL",Floral,Three-Quarter,Round,Cotton,Anarkali,Olive green Anarkali kurta set.,5170,Images/P1187.jpg
P1188,Women,Ethnic,Kurta,Grey,Party and Wedding,"XS, S, M, L, XL",Embroidered,Three-Quarter,Round,Chiffon,Straight,Grey chikankari kurta.,1720,Images/P1188.jpg
P1189,Women,Western,Skirt,Bronze,Party,"XS, S, M, L/XXL",Solid,N/A,N/A,Satin,Midi,Bronze metallic satin midi skirt.,1430,Images/P1189.jpg
P1190,Women,Ethnic,Kurta Set,Grey,Party and Wedding,"S, M, L, XL/XXXL",Embroidered,Three-Quarter,Round,Silk,Straight,Grey silk kurta set.,2020,Images/P1190.jpg
P1191,Women,Western,Skirt,Green,Casual,"XS, S, M, L",Houndstooth,N/A,N/A,Tweed,Mini,Green houndstooth mini skirt.,2510,Images/P1191.jpg
P1192,Women,Outerwear,Jacket,Pink,Casual,"XS, S, M, L, XL, XXL",Solid,Full Sleeves,Stand Collar,Nylon,Puffer Jacket,Pink quilted puffer jacket.,2950,Images/P1192.jpg
P1193,Women,Western Wear,Top,Black,Casual,"M, L, XL, XXL, 3XL, 4XL",Floral Embroidered,Three-Quarter Sleeves,Ruffle Neck,Cotton Blend,A-Line Tunic,Black A-line tunic with floral embroidery.,4830,Images/P1193.jpg
P1194,Women,Western Wear,Palazzo Pants,Olive Green,Casual,"XS, S, M, L, XL",Solid,N/A,N/A,Viscose,Wide-Leg Cropped,Olive green cropped palazzo pants.,3880,Images/P1194.jpg
P1195,Women,Western Wear,Jeans,White,Casual,"XS, S, M, L, XL, XXL",Solid,N/A,N/A,Cotton Denim,Tapered Fit,White tapered-fit jeans.,890,Images/P1195.jpg
P1196,Women,Western Wear,Blazer,Beige,Formal,"XS, S, M, L, XL",Checkered,Full Sleeves,Notch Lapel,Polyester Blend,Slim Fit,Beige checkered blazer.,1350,Images/P1196.jpg
P1197,Women,Bottomwear,Trousers,Beige,Casual,"S, M, L, XL",Solid,N/A,N/A,Cotton Blend,Drawstring Tapered,Beige drawstring tapered trousers.,3290,Images/P1197.jpg
P1198,Women,Ethnic Wear,Lehenga Choli,Green,Party and Wedding,"S, M, L, XL/XXXXL",Floral Print,Short Sleeves,Sweetheart,Georgette,Floral Print Lehenga,Green floral lehenga choli set.,1270,Images/P1198.jpg
P1199,Women,Bottomwear,Palazzos,Pink,Casual,"S, M, L, XL/XXL",Solid,N/A,N/A,Cotton,Wide-Leg Palazzos,Pink cotton wide-leg palazzos.,5670,Images/P1199.jpg
P1202,Women,Western Wear,T-shirt,Yellow,Casual,"S, M, L, XL",Solid,Short Sleeve,V-Neck,Cotton Blend,Casual,Yellow solid V-neck short sleeve t-shirt for women.,6140,Images/P1202.jpg
P1203,Women,Ethnic Wear,Lehenga Choli,Grey,Party and Wedding,"S, M, L, XL",Sequined,Three-Quarter Sleeve,Round Neck,Net and Silk,Traditional,Grey sequined lehenga choli with silver and gold accents for women.,1570,Images/P1203.jpg
P1204,Women,Ethnic,Saree,White,Party and Wedding,Free Size/XXXL,Bandhani,N/A,N/A,Art Silk,Traditional,White saree with orange bandhani print pallu and ruffled border with mirror work detailing,1590,Images/P1204.jpg
P1205,Women,Ethnic,Kurti,Maroon,Party,"S, M, L, XL/XXXXL",Printed,Three-Quarter Sleeve,Mandarin Collar,Cotton,Open Front Jacket Style,Maroon printed jacket-style kurti with front slit and geometric border pattern at hem,1650,Images/P1205.jpg
P1206,Women,Ethnic Wear,Kurta Set,Blue,Party and Wedding,"S, M, L, XL/XXL",Printed,Three-Quarter Sleeve,Round Neck,Cotton Blend,Traditional,Blue anarkali kurta set with churidar and matching printed dupatta featuring gold border accents.,2290,Images/P1206.jpg
P1207,Women,Ethnic Wear,Kurta Set,Yellow,Party and Wedding,"S, M, L, XL",Solid,Three-Quarter Sleeve,Square Neck,Cotton,Traditional,Yellow cotton kurta set with three-quarter sleeves featuring gold embroidered neckline and matching white dupatta.,3150,Images/P1207.jpg
P1209,Women,Ethnic,Kurta Set,Coral,Party and Wedding,"S, M, L, XL/XXXL",Printed,Three-Quarter,V-Neck,Cotton,Ethnic,Coral orange printed cotton kurta set with palazzo pants and matching dupatta,5670,Images/P1209.jpg
P1210,Women,Western Wear,Jacket,Black,Casual,"S, M, L, XL",Quilted,Full Sleeve,Stand Collar,Polyester,Puffer,Black quilted puffer jacket with full front zip and stand collar,3200,Images/P1210.jpg
P1211,Women,Western Wear,Jeans,Blue,Casual,"26, 28, 30, 32, 34/XXXL",Color Block,N/A,N/A,Denim,Wide Leg,Light blue and grey color block wide-leg jeans with contrast denim panels,1730,Images/P1211.jpg
P1212,Women,Western Wear,Jacket,Red,Casual,"S, M, L, XL",Solid,Full Sleeve,High Neck,Fleece,Casual,Red full-zip fleece jacket with yellow trim accents for women.,1140,Images/P1212.jpg
P1213,Women,Ethnic Wear,Kurta,Pink,Party and Wedding,"S, M, L, XL",Striped,Three-Quarter Sleeve,Mandarin Collar,Cotton,Ethnic,Pink and white striped kurta with mandarin collar for women.,1850,Images/P1213.jpg
P1214,Women,Bottomwear,Jeans,Blue,Casual,"26, 28, 30, 32, 34",Solid,N/A,N/A,Cotton Denim,Slim Fit,Blue skinny fit jeans with high waist and classic five-pocket styling,530,Images/P1214.jpg
P1215,Women,Bottomwear,Skirt,Teal,Formal,"XS, S, M, L",Solid,N/A,N/A,Polyester,Pleated,Teal green pleated midi skirt with elasticated waistband and flowing silhouette,1040,Images/P1215.jpg
P1216,Women,Western Wear,Tunic Top,White and Black,Casual,"XS, S, M, L, XL/XXXXL",Striped,Short Sleeve,Mandarin Collar,Polyester,Contemporary,"White and black striped tunic top with teal accents, featuring flutter sleeves and button-down front.",6180,Images/P1216.jpg
P1217,Women,Western Wear,Sweater,Off-White,Casual,"XS, S, M, L, XL",Solid Ribbed,Full Sleeve,Mock Turtleneck,Knit,Contemporary,Off-white ribbed knit sweater with mock turtleneck and long sleeves.,7390,Images/P1217.jpg
P1218,Women,Topwear,Sweatshirt,Red,Casual,"S, M, L, XL",Solid,Full,Quarter Zip,Cotton,Casual,Red half-zip sweatshirt with front pocket and ribbed cuffs,1550,Images/P1218.jpg
P1219,Women,Ethnic,Kurta,Maroon,Party and Wedding,"S, M, L, XL, XXL",Printed,Three-Quarter,Round Neck,Cotton,Ethnic,Maroon printed cotton kurta with white embroidery detail on neckline,5440,Images/P1219.jpg
P1220,Women,Western Wear,Sweater,Red,Casual,"S, M, L, XL/XXXXL",Marled,Full Sleeve,V-Neck,Cotton Blend,Knitted,Red marled knit V-neck long sleeve sweater with textured finish,6780,Images/P1220.jpg
P1221,Women,Ethnic Wear,Lehenga Choli,Green,Party and Wedding,"S, M, L, XL/XXXL",Embroidered,Short Sleeve,Round Neck,Silk,Traditional,Sage green silk lehenga choli with tone-on-tone floral embroidery and gold border net dupatta,1270,Images/P1221.jpg
P1224,Women,Bottomwear,Jeans,Light Blue,Casual,"26, 28, 30, 32",Solid,N/A,N/A,Cotton Denim,Wide Leg,Light blue wide-leg jeans with frayed hem and high-rise waist,3080,Images/P1224.jpg
P1225,Women,Western Wear,Vest,Brown,Casual,"S, M, L, XL/XXXXL",Solid,Sleeveless,V-Neck,Faux Suede,Bohemian,Brown faux suede sleeveless vest with layered fringe detailing.,1640,Images/P1225.jpg
P1226,Women,Ethnic Wear,Lehenga Choli,Black and Red,Party and Wedding,"S, M, L, XL/XXXL",Floral Printed,Sleeveless,V-Neck,Art Silk,Traditional,Black art silk lehenga choli set with red floral printed dupatta and sleeveless blouse.,1670,Images/P1226.jpg
P1227,Women,Bottomwear,Culottes,Light Grey,Casual,"XS, S, M, L, XL",Solid,N/A,N/A,Polyester Blend,Wide Leg,Light grey wide-leg cropped culottes with a clean front and elasticated back waistband.,880,Images/P1227.jpg
P1228,Women,Bottomwear,Shorts,Grey,Casual,"XS, S, M, L",Printed,N/A,N/A,Cotton,Casual,Grey shorts with white anchor print and bow belt detail,1020,Images/P1228.jpg
P1229,Women,Ethnic Wear,Kurta Set with Dupatta,White,Party and Wedding,"S, M, L, XL, XXL",Solid,Three-Quarter Sleeve,Mandarin Collar,Cotton,Traditional,White straight-cut cotton kurta with mandarin collar and gold button placket.,2970,Images/P1229.jpg
P1230,Women,Western Wear,Skirt,Black,Formal,"XS, S, M, L, XL/XXL",Solid,N/A,N/A,Cotton Blend,Pencil,Black solid pencil knee-length skirt with fitted silhouette,850,Images/P1230.jpg
P1231,Women,Topwear,Hoodie,White,Casual,"S, M, L, XL/XXXXL",Solid,Long Sleeve,Hooded,Cotton Blend,Casual,"White full-zip hoodie with drawstrings, front pockets, and hood.",1070,Images/P1231.jpg
P1232,Women,Western Wear,Shorts,Black,Casual,"S, M, L, XL",Solid,N/A,N/A,Cotton Blend,Sporty,Black solid athletic shorts with white piping for women.,1390,Images/P1232.jpg
P1233,Women,Western Wear,Co-ord Set,Light Blue,Casual,"XS, S, M, L, XL",Solid,Sleeveless,Spaghetti Strap,Ribbed Cotton Blend,Athleisure,Light blue ribbed knit co-ord set with spaghetti strap crop top and wide-leg pants.,3210,Images/P1233.jpg
P1234,Women,Bottomwear,Skirt,Red,Casual,"S, M, L, XL/XXXL",Floral Print,N/A,N/A,Cotton,Flared,Red flared maxi skirt with gold foil print and elasticated waistband,4340,Images/P1234.jpg
P1235,Women,Western Wear,T-shirt,Black,Casual,"XS, S, M, L, XL",Solid,Short Sleeve,Round Neck,Ribbed Cotton,Casual,Black ribbed knit t-shirt with red contrast stitching on sleeves and hem.,1280,Images/P1235.jpg
P1236,Women,Ethnic Wear,Lehenga Choli,Peach,Party and Wedding,"S, M, L, XL",Embroidered,Sleeveless,Round Neck,Net and Silk,Traditional,"Peach embroidered lehenga choli with floral threadwork, net dupatta, and matching skirt.",3650,Images/P1236.jpg
P1237,Women,Topwear,Top,White,Casual,"XS, S, M, L, XL",Floral Lace,Short Sleeve,Round Neck,Lace,Feminine,White floral lace top with short sleeves and a round neckline.,780,Images/P1237.jpg
P1239,Women,Bottomwear,Pencil Skirt,Black,Formal,"XS, S, M, L, XL/XXXXL",Solid,N/A,N/A,Polyester Blend,Bodycon,"Black fitted pencil skirt with a high waist, silver O-ring buckle detail, and front thigh-high slit.",1520,Images/P1239.jpg
P1240,Women,Ethnic Wear,Lehenga Choli,Blue,Party and Wedding,"S, M, L, XL",Embroidered,Short Sleeve,Round Neck,Silk,Traditional,Royal blue silk lehenga choli with gold zari embroidery and yellow net dupatta,3750,Images/P1240.jpg
P1241,Women,Topwear,Bomber Jacket,White,Casual,"S, M, L, XL",Striped,Long Sleeve,Round Neck,Polyester,Contemporary,"White bomber jacket with neon green vertical stripes, ribbed collar, cuffs and hem.",840,Images/P1241.jpg
P1242,Women,Western Wear,Skirt,Brown,Casual,"S, M, L, XL",Solid,N/A,N/A,Crepe,Casual,Dark brown pleated midi skirt with elasticated waist for women.,1700,Images/P1242.jpg
P1243,Women,Bottomwear,Jeans,Navy Blue,Casual,"26, 28, 30, 32, 34",Solid,N/A,N/A,Denim,Casual,Navy blue slim-fit denim jeans with contrast gold stitching and cuffed hem.,2950,Images/P1243.jpg
P1244,Women,Bottomwear,Shorts,Brown,Casual,"XS, S, M, L",Solid,N/A,N/A,Cotton,Regular Fit,Dark brown mid-rise shorts with button closure and front pockets,5290,Images/P1244.jpg
P1245,Women,Ethnic Wear,Saree,Maroon and White,Party and Wedding,Free Size/XXL,Leheriya,N/A,N/A,Art Silk,Traditional,Maroon and white leheriya tie-dye pattern art silk saree with matching ruffle blouse.,4320,Images/P1245.jpg
P1246,Women,Ethnic Wear,Lehenga Choli,Yellow and Pink,Party and Wedding,"S, M, L, XL/XXXL",Woven,Full Sleeve,Round Neck,Banarasi Silk,Traditional,Yellow Banarasi silk lehenga choli with pink woven motifs and contrasting pink dupatta with zari border.,5060,Images/P1246.jpg
P1247,Women,Topwear,Kurti,Navy Blue,Casual,"S, M, L, XL, XXL",Printed,Three-Quarter Sleeve,Round Neck,Cotton,Casual Ethnic,Navy blue cotton kurti with small floral motifs in rust and gold tones.,1390,Images/P1247.jpg
P1248,Women,Outerwear,Jacket,Yellow,Casual,"XS, S, M, L, XL",Solid,Full,Hooded,Cotton,Trendy,"Yellow cotton jacket with hood, zipper closure, and snap buttons",1260,Images/P1248.jpg
P1249,Women,Topwear,Cardigan,Beige,Casual,"S, M, L, XL",Solid,Full Sleeve,V-Neck,Cotton Blend,Classic,"Beige V-neck button-front cardigan with long sleeves, two front patch pockets.",1710,Images/P1249.jpg
P1250,Women,Western Wear,Skirt,Red,Casual,"S, M, L, XL/XXXL",Floral,N/A,N/A,Georgette,Wrap,Red floral print wrap midi skirt with high-low hem and side slit,1300,Images/P1250.jpg
P1252,Women,Western Wear,Trousers,Olive Green,Casual,"S, M, L, XL/XXXXL",Solid,N/A,N/A,Linen Blend,Casual,Olive green linen blend cropped trousers with side pockets for women.,3950,Images/P1252.jpg
P1253,Women,Western Wear,Co-ord Set,Peach and Orange,Casual,"S, M, L, XL",Color Block,Short Sleeve,V-Neck,Cotton Blend,Contemporary,Pink and orange color block cropped t-shirt paired with matching orange wide-leg pleated pants.,1390,Images/P1253.jpg
P1254,Women,Bottomwear,Jeans,Black,Casual,"26, 28, 30, 32, 34",Solid,N/A,N/A,Cotton Denim,Straight Fit,Black straight-fit jeans with contrast stitching and classic five-pocket design,3830,Images/P1254.jpg
P1255,Women,Western Wear,Peplum Top,Grey and Blue,Casual,"XS, S, M, L, XL/XXXXL",Ikat Printed,Three-Quarter Sleeve,Mandarin Collar,Cotton,Contemporary,Grey and blue ikat print cotton peplum top with button-down front and pleated hem.,840,Images/P1255.jpg
P1256,Women,Ethnic Wear,Lehenga Choli Set,Magenta,Party and Wedding,"S, M, L, XL",Banarasi Brocade,Full Sleeve,Round Neck,Silk and Brocade,Traditional,Magenta silk lehenga choli set with intricate Banarasi brocade weaving in gold and red.,1080,Images/P1256.jpg
P1257,Women,Outerwear,Denim Jacket,Blue,Casual,"XS, S, M, L, XL",Solid,Full,Collar,Denim,Casual,"Light blue denim jacket with button front, chest pockets, and classic collar",3170,Images/P1257.jpg
P1258,Women,Ethnic Wear,Saree,Navy Blue,Party and Wedding,Free Size/XXXXL,Zari,N/A,N/A,Silk,Banarasi,Navy blue Banarasi silk saree with pink and gold zari border and pallu with tassels,1580,Images/P1258.jpg
P1259,Women,Topwear,Shrug,Purple,Casual,"S, M, L, XL",Floral,Long Sleeve,Open Front,Chiffon,Contemporary,Sheer purple floral print shrug with drawstring waist and long sleeves.,770,Images/P1259.jpg
P1260,Women,Ethnic Wear,Kurti,White,Casual,"S, M, L, XL/XXXL",Embroidered,Three-Quarter Sleeve,V-Neck,Cotton,Ethnic,White cotton kurti with blue floral embroidery and three-quarter sleeves for women.,1810,Images/P1260.jpg
P1261,Women,Western Wear,Jacket,Blue,Casual,"S, M, L, XL",Solid,Three-Quarter Sleeve,Collar,Denim,Casual,Blue denim open-front jacket with collar and three-quarter length sleeves.,4180,Images/P1261.jpg
P1262,Women,Outerwear,Jacket,Light Blue,Casual,"XS, S, M, L, XL/XXXXL",Color Block,Full Sleeve,Round Neck,Cotton Blend,Varsity,Light blue and white cropped varsity jacket with snap button closure,2280,Images/P1262.jpg
P1263,Women,Western Wear,Co-ord Set,Yellow,Casual,"XS, S, M, L, XL",Floral Embroidered,Sleeveless,Spaghetti Strap,Net and Cotton,Contemporary,Yellow floral embroidered co-ord set with spaghetti strap crop top and sheer button-down midi skirt.,1250,Images/P1263.jpg
P1264,Women,Bottomwear,Culottes,Black,Casual,"S, M, L, XL/XXXL",Checkered,N/A,N/A,Cotton Blend,Casual,Black and white checkered cropped culottes with a drawstring tie waistband and side pockets.,1760,Images/P1264.jpg
P1265,Women,Bottomwear,Shorts,Grey,Casual,"S, M, L, XL, XXL",Solid,N/A,N/A,Cotton,Casual,Grey marl drawstring shorts with elasticated waist,1300,Images/P1265.jpg
P1266,Women,Western Wear,Jacket,Grey,Casual,"S, M, L, XL",Solid,Full Sleeve,Stand Collar,Wool Blend,Zip-up,Charcoal grey knit zip-up jacket with stand collar and zippered pockets,3100,Images/P1266.jpg
P1271,Women,Topwear,Top,Green,Casual,"XS, S, M, L/XXL",Floral,Single Sleeve,One Shoulder,Cotton Blend,Contemporary,"One-shoulder floral smocked top with ruffle puff sleeve in green, red, and orange print.",4180,Images/P1271.jpg
P1272,Women,Western Wear,Skirt,Pink,Formal,"S, M, L, XL",Solid,N/A,N/A,Satin,Elegant,Dusty pink satin pleated midi skirt for women.,1490,Images/P1272.jpg
P1273,Women,Ethnic Wear,Dupatta,Maroon,Casual,Free Size/XXXXL,Floral Printed,N/A,N/A,Chanderi Silk,Traditional,Maroon chanderi silk dupatta with multicolour floral print and striped border.,4860,Images/P1273.jpg
P1274,Women,Bottomwear,Jeans,Black,Casual,"26, 28, 30, 32",Solid,N/A,N/A,Cotton Denim,Cargo,Black cargo jeans with side flap pockets and tapered fit,1100,Images/P1274.jpg
P1275,Women,Bottoms,Jeans,Dark Blue,Casual,"26, 28, 30, 32, 34",Solid,N/A,N/A,Cotton Denim,High-waisted skinny jeans in dark indigo wash with contrast yellow stitching,Classic dark indigo skinny jeans with contrast yellow topstitching and cuffed ankle hems,5570,Images/P1275.jpg
P1276,Women,Western Wear,Palazzo Pants,Blue and White,Casual,"XS, S, M, L, XL",Striped,N/A,N/A,Cotton,Contemporary,Blue and white striped cotton palazzo pants with drawstring waist and relaxed fit.,2690,Images/P1276.jpg
P1277,Women,Ethnic Wear,Dupatta,Red,Festive,Free Size,Embroidered,N/A,N/A,Silk,Traditional,Rich red silk dupatta with heavy gold zardozi and gota patti embroidery along the borders.,1730,Images/P1277.jpg
P1278,Women,Bottomwear,Skirt,Green,Party,"XS, S, M, L",Solid,N/A,N/A,Crepe,Trendy,Mint green ruched midi skirt with side slit and textured fabric,1830,Images/P1278.jpg
P1279,Women,Bottoms,Flared Pants,Coral Pink,Party/Festive,"S, M, L, XL",Solid,N/A,N/A,Crepe,High-waisted coral pink flared palazzo pants with sequined waistband,Elegant coral pink flared palazzo pants with embellished waistband and dramatic wide legs,770,Images/P1279.jpg
P1280,Women,Western Wear,Jeans,Grey,Casual,"26, 28, 30, 32, 34",Solid,N/A,N/A,Denim,Skinny,Dark grey skinny jeans with cuffed hem and classic five-pocket styling,1410,Images/P1280.jpg
P1281,Women,Ethnic Wear,Saree,Maroon,Party and Wedding,Free Size/XXXL,Solid,Sleeveless,High Neck,Georgette,Traditional,Maroon sequin embellished saree with matching sleeveless blouse and gold waist belt.,1600,Images/P1281.jpg
P1282,Women,Ethnic Wear,Kurta Set,Pink,Party and Wedding,"XS, S, M, L, XL/XXXXL",Solid,Short Sleeve,V-Neck,Cotton,Contemporary,"Pink solid kurta with V-neck, short sleeves, and matching pink pants.",500,Images/P1282.jpg
P1283,Women,Bottomwear,Jeans,Black,Casual,"26, 28, 30, 32, 34/XXL",Solid,N/A,N/A,Denim,Contemporary,Black high-waisted skinny jeans with exposed multi-button closure and ankle-length fit.,1000,Images/P1283.jpg
P1284,Women,Bottoms,Jeans,Light Blue,Casual,"26, 28, 30, 32, 34",Solid (Washed),N/A,N/A,Cotton Denim,Relaxed-fit light wash boyfriend jeans with distressed details,Light blue relaxed-fit boyfriend jeans with faded wash and subtle distressing,2850,Images/P1284.jpg
P1285,Women,Tops,Sweater,Multi,Casual,"S, M, L, XL",Colorblock,Full,Round,Acrylic Knit,Colorblock ribbed knit sweater with black body and contrasting green and pink sleeves,"Trendy colorblock sweater with black body, emerald green right sleeve, and hot pink left sleeve",1110,Images/P1285.jpg
P1286,Women,Ethnic,Kurta,Black,Party and Wedding,"S, M, L, XL",Solid with Contrast Trim,Three-quarter,V-Neck Wrap,Cotton,Black wrap-style kurta with red piping trim and colorful embroidered border,Elegant black wrap kurta with red piping and multicolored embroidered lace detailing,620,Images/P1286.jpg
P1287,Women,Ethnic Wear,Lehenga Choli Set,Peach,Party and Wedding,"S, M, L, XL",Embroidered,Half Sleeve,Sweetheart Neck,Silk and Net,Traditional,Peach silk lehenga choli set with elaborate gold and orange thread embroidery.,920,Images/P1287.jpg
P1288,Women,Bottoms,Jeans,Dark Blue,Casual,"26, 28, 30, 32, 34/XXL",Solid,N/A,N/A,Cotton Denim,High-waisted triple-button skinny jeans in dark wash,Dark blue high-waisted skinny jeans with exposed triple-button closure and faded wash,1570,Images/P1288.jpg
P1289,Women,Bottoms,Maxi Skirt,Navy Blue,Casual,"S, M, L, XL",Ethnic Print,N/A,N/A,Rayon,Flowy navy blue maxi skirt with ethnic paisley print and drawstring waistband,Navy blue pleated maxi skirt with intricate ethnic paisley print in gold and pink tones,3960,Images/P1289.jpg
P1290,Women,Tops,Sweatshirt,Dark Grey,Casual,"XS, S, M, L, XL",Graphic,Full,V-Neck,Cotton Fleece,Oversized dark grey sweatshirt with gothic-style Los Angeles text print,Dark charcoal grey oversized sweatshirt with purple and white Los Angeles text graphic,1700,Images/P1290.jpg
P1291,Women,Ethnic,Saree,Gold,Party and Wedding,Free Size (5.5 meters)/XXXL,Traditional Brocade,N/A,N/A,Art Silk Banarasi,Traditional Banarasi silk saree in gold cream tone with intricate woven motifs,Luxurious gold cream Banarasi silk saree with self-woven floral and paisley motifs,2870,Images/P1291.jpg
P1292,Women,Bottomwear,Cargo Pants,Black,Casual,"XS, S, M, L, XL",Solid,N/A,N/A,Cotton Blend,Casual,"Black cargo jogger pants with elastic waist, drawstring, and side cargo pockets.",1410,Images/P1292.jpg
P1293,Women,Ethnic,Dupatta/Stole,White,Casual/Ethnic,Free Size/XXXL,Floral Embroidered,N/A,N/A,Cotton Net,Sheer white cotton dupatta with all-over white thread floral embroidery,Elegant sheer white cotton dupatta with delicate white-on-white floral vine embroidery,970,Images/P1293.jpg
P1294,Women,Western Wear,Co-ord Set,White,Casual,"XS, S, M, L, XL",Solid,Full,Collar,Cotton Denim,White denim jacket with matching high-waisted denim shorts,Chic white denim co-ord set with button-front jacket and raw-hem shorts,1270,Images/P1294.jpg
P1295,Women,Ethnic,Kurta,Red,Party and Wedding,"S, M, L, XL",Embroidered,Three-quarter,Round Neck,Cotton,Straight-cut red kurta with small floral embroidery motifs on yoke,Vibrant red cotton kurta with delicate gold and pink floral embroidery on yoke,2860,Images/P1295.jpg
P1296,Women,Tops,Blouse,Dusty Rose,Casual,"XS, S, M, L, XL/XXXXL",Eyelet,Flutter Short,Round Neck,Cotton,Dusty rose eyelet blouse with flutter sleeves and cutwork pattern,Pretty dusty rose cotton eyelet blouse with feminine flutter sleeves and cutwork embroidery,910,Images/P1296.jpg
P1297,Women,Ethnic,Suit Set,Pink,Festive,"S, M, L, XL",Embroidered,Three-quarter,V-Neck,Cotton,Pink straight kurta with white embroidered dupatta and matching pants,Vibrant pink cotton kurta set with intricate floral embroidery and contrasting white dupatta,5840,Images/P1297.jpg
P1298,Women,Ethnic,Waistcoat,Navy Blue,Semi-Formal,"S, M, L, XL/XXXXL",Textured,Sleeveless,Stand Collar,Velvet,Navy blue velvet buttoned vest with self-textured pattern,Rich navy blue velvet vest with stand collar and metallic button closure,1130,Images/P1298.jpg
P1299,Women,Ethnic,Suit Set,Hot Pink,Festive,"S, M, L, XL/XXL",Printed,Three-quarter,Round,Rayon,Hot pink flared Anarkali kurta with matching pants and floral organza dupatta,Stunning hot pink Anarkali suit with orange and peach floral print and matching organza dupatta,1080,Images/P1299.jpg
P1300,Women,Ethnic,Dupatta/Stole,Red,Festive/Winter,Free Size,Traditional Brocade,N/A,N/A,Wool Art Silk,Rich red Banarasi shawl with gold zari woven border,Luxurious red Banarasi shawl with intricate gold zari woven border and tassel trim,4980,Images/P1300.jpg
P1301,Women,Bottoms,Casual Pants,Black,Semi-Formal,"XS, S, M, L, XL/XXL",Solid,N/A,N/A,Polyester Viscose,High-waisted black wide-leg trousers with buckle belt and front pleats,Tailored black wide-leg trousers with distinctive buckle belt and creased front,1240,Images/P1301.jpg
P1302,Women,Ethnic,Dupatta/Stole,Pink,Formal,"XS, S, M, L, XL",Solid,N/A,N/A,Polyester,Contemporary,Pink color Kurta,1680,Images/P1302.jpg
P1303,Women,Western Wear,Jumpsuit,Dark Green,Casual,"M, L, XL, XXL, 3XL",Solid,Cold Shoulder,Scoop,Rayon,Dark green cold-shoulder jumpsuit with ruffle overlay and wide legs,Plus-size dark green cold-shoulder jumpsuit with ruffle overlay and relaxed wide legs,4980,Images/P1303.jpg
P1304,Women,Ethnic,Kurta Set,Light Blue,Party and Wedding,"S, M, L, XL/XXXXL",Solid,Three-quarter,V-Neck Placket,Cotton,Light blue straight kurta with button placket and matching pants,Serene light blue cotton kurta set with button placket detailing and matching slim pants,1100,Images/P1304.jpg
P1305,Women,Loungewear,Co-ord Set,Magenta,Casual,"XS, S, M, L, XL",Solid,Short,Round,Cotton Jersey,Magenta crop top with matching drawstring pants,Vibrant magenta two-piece co-ord set with fitted crop top and relaxed drawstring pants,620,Images/P1305.jpg
P1306,Women,Ethnic,Kurta,Teal,Party and Wedding,"S, M, L, XL/XXL",Geometric Printed,Three-quarter,Mandarin Collar,Cotton,Teal and brown geometric printed kurti with button placket,Ethnic teal and brown geometric print kurti with mandarin collar and 3/4 sleeves,880,Images/P1306.jpg
P1307,Women,Ethnic,Lehenga Choli,Navy Blue,Party and Wedding,"S, M, L, XL/XXL",Brocade Zari,Three-quarter,Boat Neck,Silk Brocade,Navy blue brocade lehenga with green dupatta and gold zari work,Rich navy blue and green lehenga choli set with intricate gold zari brocade work,3000,Images/P1307.jpg
P1308,Women,Ethnic,Suit Set,Blue,Festive,"S, M, L, XL/XXXXL",Printed,Short,Round Neck,Cotton,Blue floral printed kurta with pink leggings and matching dupatta,Royal blue floral print kurta set with pink leggings and contrasting pink dupatta,4760,Images/P1308.jpg
P1309,Women,Ethnic,Kurta Set,Yellow,Party and Wedding,"S, M, L, XL",Printed,Three-quarter,Mandarin,Cotton,Yellow printed straight kurta with matching pants,Bright yellow cotton kurta with white floral print and matching pants,1270,Images/P1309.jpg
P1310,Women,Ethnic,Dupatta/Stole,White,Casual/Ethnic,Free Size/XXL,Paisley,N/A,N/A,Wool Cotton,Black and brown paisley printed shawl with fringed edges,Rich black and brown paisley print shawl with traditional motifs and fringed edges,2630,Images/P1310.jpg
P1311,Women,Tops,Shirt,Dark Grey,Casual,"S, M, L, XL",Ikat,Three-quarter,V-Neck Placket,Cotton,Dark grey ikat print shirt with button placket and cuffed sleeves,Stylish dark grey cotton shirt with multicolored ikat diamond print,6440,Images/P1311.jpg
P1312,Women,Topwear,Kurta,Black,Party and Wedding,"S, M, L, XL/XXXXL",Printed,Three-Quarter Sleeve,V-Neck,Cotton,Ethnic,"Black printed kurta with V-notch neck, three-quarter sleeves with roll-up tabs, and geometric ikat pattern.",3210,Images/P1312.jpg
P1313,Women,Ethnic,Saree,Black,Party and Wedding,Free Size,Warli Print,N/A,N/A,Cotton,White cotton saree with colorful tribal Warli print and orange border,Striking white cotton saree with multicolored Warli tribal art print,930,Images/P1313.jpg
P1314,Women,Tops,Hoodie,Grey,Casual,"S, M, L, XL",Striped,Full,Hooded,Cotton Fleece,Grey marl full-zip hoodie with white horizontal stripe detail,Light grey marl full-zip hoodie with white horizontal chest stripes and drawstring hood,850,Images/P1314.jpg
P1315,Women,Tops,Tank Top,Green,Casual,"XS, S, M, L, XL",Ribbed,Sleeveless,Round Neck,Ribbed Cotton,Green ribbed sleeveless tank top,Fresh green ribbed knit sleeveless crop top with round neckline,620,Images/P1315.jpg
P1316,Women,Ethnic,Kurta,Off-White,Party and Wedding,"S, M, L, XL/XXL",Printed,Three-quarter,Mandarin,Cotton,Off-white printed kurti with yellow and grey illustrations,Off-white cotton kurti with playful yellow and grey kitchen utensil illustrations,3690,Images/P1316.jpg
P1317,Women,Bottoms,Mini Skirt,Maroon,Casual,"XS, S, M, L, XL/XXXXL",Solid,N/A,N/A,Cotton Blend,Classic maroon A-line mini skirt,Timeless maroon A-line mini skirt in smooth cotton-blend fabric,1740,Images/P1317.jpg
P1318,Women,Tops,Sweatshirt,Pink,Casual,"S, M, L, XL",Embellished,Full,Round,Cotton Fleece,Light pink crew-neck sweatshirt with scattered crystal embellishments,Soft pink crew-neck sweatshirt with delicate crystal and bead embellishments,5820,Images/P1318.jpg
P1319,Women,Ethnic,Kurta,Pink,Party and Wedding,"S, M, L, XL/XXXL",Embroidered,Three-quarter,Round,Net Georgette,Coral embroidered kurta with matching sharara pants and sheer dupatta,Gorgeous coral kurta set with intricate silver thread embroidery and matching flared sharara,5180,Images/P1319.jpg
P1320,Women,Tops,Sweatshirt,Black,Casual,"XS, S, M, L, XL",Graphic,Full,Round,Cotton Fleece,Black crew-neck sweatshirt with silver glitter text print,Black cotton sweatshirt with bold silver glitter THE FUTURE IS FEMALE text,640,Images/P1320.jpg
P1321,Women,Tops,Sweatshirt,Black,Casual,"S, M, L, XL/XXXL",Graphic,Full,Round,Cotton Fleece,Black crew-neck sweatshirt with small white text print,Minimalist black cotton sweatshirt with subtle white POSITIVE ENERGY text,1500,Images/P1321.jpg
P1322,Women,Western Wear,Jumpsuit,Black,Party,"S, M, L, XL",Solid,Long Sleeve,V-Neck,Velvet,Party,Black velvet V-neck jumpsuit with puffed shoulders.,1610,Images/P1322.jpg
P1323,Women,Ethnic Wear,Kurta Set with Dupatta,Multicolour,Party and Wedding,"S, M, L, XL/XXXXL",Striped,Short Sleeve,Round Neck,Cotton,Casual Ethnic,Multicoloured striped cotton kurta with dhoti pants and dupatta.,1100,Images/P1323.jpg
P1324,Women,Western Wear,Co-ord Set,Maroon,Party,"XS, S, M, L, XL",Solid,Sleeveless,V-Neck,Crepe,Contemporary,Maroon solid crepe co-ord set with camisole and wide-leg pants.,910,Images/P1324.jpg
P1325,Women,Topwear,Crop Top,Yellow,Casual,"S, M, L, XL/XXL",Solid,Short Sleeve,V-Neck,Cotton Blend,Ribbed,Yellow ribbed knit crop top with front button closure.,3910,Images/P1325.jpg
P1326,Women,Bottomwear,Jumpsuit,Brown,Party,"S, M, L, XL",Solid,Sleeveless,Halter Neck,Polyester Blend,Party,Dark brown sleeveless jumpsuit with halter neckline.,4390,Images/P1326.jpg
P1327,Women,Ethnic Wear,Saree,Black,Party and Wedding,Free Size/XXL,Floral,N/A,N/A,Chiffon,Traditional,Black sheer chiffon saree with floral embroidery.,800,Images/P1327.jpg
P1328,Women,Topwear,Shrug,Green,Casual,"S, M, L, XL",Solid,Three-Quarter Sleeve,Mandarin Collar,Cotton,Contemporary,Dark green cotton shrug with asymmetrical hemline.,910,Images/P1328.jpg
P1329,Women,Western Wear,Jacket,Black,Casual,"S, M, L, XL",Solid,Full Sleeve,High Neck,Polyester,Puffer,Black solid Puma puffer jacket with hood.,1090,Images/P1329.jpg
P1330,Women,Western Wear,Jacket,Brown,Casual,"S, M, L, XL/XXL",Floral,Full Sleeve,Round Neck,Polyester,Casual,Brown floral print bomber jacket.,1470,Images/P1330.jpg
P1331,Women,Western Wear,Jeans,Blue,Casual,"26, 28, 30, 32",Solid,N/A,N/A,Denim,Casual,Light blue denim jeans with front patch pockets and flared legs.,1780,Images/P1331.jpg
P1332,Women,Western Wear,Jeans,Blue,Casual,"26, 28, 30, 32",Solid,N/A,N/A,Denim,Casual,Blue mid-rise skinny jeans.,900,Images/P1332.jpg
P1333,Women,Ethnic Wear,Kurta Set with Dupatta,Navy Blue,Party and Wedding,"S, M, L, XL, XXL",Solid,Three-Quarter Sleeve,Round Neck,Cotton,Casual Ethnic,Navy blue solid cotton kurta with beige leggings and dupatta.,2260,Images/P1333.jpg
P1334,Women,Western Wear,Knit Set,Black,Casual,"S, M, L, XL/XXXXL",Color Block,Full Sleeve,Mock Neck,Knit Blend,Casual,Black knit mock-neck sweater with color-block stripes and pencil skirt.,5450,Images/P1334.jpg
P1335,Women,Ethnic Wear,Lehenga Choli,Light Blue,Party and Wedding,"S, M, L, XL",Embroidered,Short Sleeve,Round Neck,Silk Blend,Traditional,Light blue lehenga choli with thread embroidery and sheer dupatta.,1490,Images/P1335.jpg
P1336,Women,Bottomwear,Skirt,Blue,Casual,"S, M, L, XL",Ethnic Print,N/A,N/A,Cotton,Ethnic,Blue cotton wrap skirt with ethnic print.,4000,Images/P1336.jpg
P1337,Women,Topwear,Kurta,Navy Blue,Party and Wedding,"S, M, L, XL, XXL",Embroidered,Three-Quarter Sleeve,Split Neck,Cotton,Ethnic,Navy blue cotton chikankari kurta.,1780,Images/P1337.jpg
P1338,Women,Western Wear,Shorts,Blue,Casual,"S, M, L, XL",Solid,N/A,N/A,Denim,Casual,Blue denim shorts with ruffled hem and paperbag waist.,630,Images/P1339.jpg
P1339,Women,Ethnic Wear,Kurta,Peach,Party and Wedding,"S, M, L, XL/XXXL",Printed,Three-Quarter Sleeve,Keyhole Neck,Cotton Blend,Ethnic,Peach printed cotton blend kurta with embroidery yoke.,1830,Images/P1339.jpg
P1342,Women,Bottomwear,Wide-Leg Pants,Lavender,Casual,"XS, S, M, L, XL",Solid,N/A,N/A,Rayon,Casual,Lavender solid rayon wide-leg pants.,500,Images/P1342.jpg
P1343,Women,Western Wear,Trousers,Orange,Casual,"XS, S, M, L, XL",Solid,N/A,N/A,Linen,Casual,Orange linen cropped trousers with pockets.,1930,Images/P1343.jpg
P1344,Women,Topwear,Kurta,Green,Party and Wedding,"S, M, L, XL",Solid,Three-Quarter Sleeve,Split Neck,Linen,Contemporary,Green linen kurta with asymmetric hemline and tassel details.,1080,Images/P1344.jpg
P1345,Women,Topwear,Sweatshirt,Beige,Casual,"S, M, L, XL/XXXXL",Solid,Full Sleeve,Round Neck,Cotton,Regular Fit,Beige crew neck sweatshirt with text embroidery.,940,Images/P1345.jpg
P1346,Women,Topwear,Crop Top,White,Casual,"XS, S, M, L, XL",Geometric,Short Sleeve,Mandarin Collar,Cotton,Contemporary,White cotton crop top with blue geometric line print.,1230,Images/P1346.jpg
P1347,Women,Outerwear,Jacket,Navy Blue,Casual,"S, M, L, XL",Solid,Full Sleeve,Hooded,Polyester,Regular Fit,Navy blue hooded jacket with red lining.,4810,Images/P1347.jpg
P1348,Women,Western Wear,Jumpsuit,Peach,Party,"S, M, L, XL/XXXXL",Solid,Sleeveless,V-Neck,Crepe,Party,Peach solid ruffle-detail jumpsuit with self-tie belt.,1380,Images/P1348.jpg
P1351,Women,Bottoms,Mini Skirt,Black,Formal,"XS, S, M, L, XL",Solid,N/A,N/A,Polyester Viscose,Black ruched side-tie mini skirt with ruffle hem,Chic black fitted mini skirt with side ruching detail and flounce hem,3620,Images/P1351.jpg
P1352,Women,Ethnic Wear,Kurta Set with Dupatta,Orange,Party and Wedding,"S, M, L, XL, XXL",Floral Printed,Three-Quarter Sleeve,Mandarin Collar,Cotton,Traditional,"Orange cotton kurta with floral block print, palazzo and dupatta.",2070,Images/P1352.jpg
P1353,Women,Ethnic Wear,Kurta Set,Orange,Party and Wedding,"XS, S, M, L, XL/XXXXL",Floral,Three-Quarter Sleeve,Round Neck,Cotton,Ethnic,Orange floral print cotton kurta set with white pants and dupatta.,1240,Images/P1353.jpg
P1354,Women,Topwear,Top,White,Casual,"S, M, L, XL",Solid,Long Sleeve,Keyhole Neck,Cotton,Feminine,White eyelet embroidered top with tiered layers and tassel trim.,1610,Images/P1354.jpg
P1355,Women,Topwear,Sweater,Peach,Casual,"S, M, L, XL",Cable Knit,Full Sleeve,Round Neck,Cotton Blend,Regular Fit,Peach cable knit sweater with bobble texture.,890,Images/P1355.jpg
P1356,Women,Topwear,Tunic,Black,Casual,"S, M, L, XL",Floral,Three-Quarter Sleeve,Mandarin Collar,Rayon,Bohemian,Black rayon tunic with multicoloured floral print.,3690,Images/P1356.jpg
P1357,Women,Topwear,Top,Red,Casual,"S, M, L, XL",Ikat,Sleeveless,V-Neck,Cotton,Flared Fit,Red spaghetti strap cotton dress with ikat print.,1560,Images/P1357.jpg
P1358,Women,Ethnic Wear,Kurta Set,Blue,Party and Wedding,"S, M, L, XL/XXXL",Printed,Three-Quarter Sleeve,Round Neck,Cotton,Ethnic,Light blue printed cotton kurta set with dupatta and pants.,790,Images/P1358.jpg
